CO_MUNICIP,CO_MICIBGE
000000,00000
110000,11000
110001,11900
110002,11900
110003,11900
110004,11900
110005,11900
110006,11900
110007,11900
110008,11900
110009,11900
110010,11900
110011,11900
110012,11900
110013,11900
110014,11900
110015,11900
110018,11900
110020,11900
110025,11900
110026,11900
110028,11900
110029,11900
110030,11900
110032,11900
110033,11900
110034,11900
110037,11900
110040,11900
110045,11900
110050,11900
110060,11900
110070,11900
110080,11900
110090,11900
110092,11900
110094,11900
110100,11900
110110,11900
110120,11900
110130,11900
110140,11900
110143,11900
110145,11900
110146,11900
110147,11900
110148,11900
110149,11900
110150,11900
110155,11900
110160,11900
110170,11900
110175,11900
110180,11900
120000,12000
120001,12900
120005,12900
120010,12900
120013,12900
120017,12900
120020,12900
120025,12900
120030,12900
120032,12900
120033,12900
120034,12900
120035,12900
120038,12900
120039,12900
120040,12900
120042,12900
120043,12900
120045,12900
120050,12900
120060,12900
120070,12900
120080,12900
130000,13000
130002,13091
130006,13012
130008,13082
130010,13082
130014,13072
130020,13011
130030,13031
130040,13032
130050,13022
130060,13011
130063,13082
130068,13021
130070,13061
130080,13071
130083,13082
130090,13062
130100,13052
130110,13031
130115,13031
130120,13081
130130,13081
130140,13051
130150,13051
130160,13013
130165,13053
130170,13072
130180,13053
130185,13031
130190,13041
130195,13052
130200,13041
130210,13091
130220,13091
130230,13013
130240,13062
130250,13082
130255,13031
130260,13031
130270,13072
130280,13091
130290,13021
130300,13022
130310,13031
130320,13082
130330,13071
130340,13022
130350,13061
130353,13031
130356,13031
130360,13032
130370,13012
130380,13032
130390,13011
130395,13041
130400,13041
130406,13011
130410,13062
130420,13091
130423,13012
130426,13091
130430,13041
130440,13041
140000,14000
140002,14900
140005,14900
140010,14900
140015,14900
140017,14900
140020,14900
140023,14900
140028,14900
140030,14900
140040,14900
140045,14900
140047,14900
140050,14900
140060,14900
140070,14900
150000,15000
150010,15900
150013,15900
150020,15900
150030,15900
150034,15900
150040,15900
150050,15900
150060,15900
150070,15900
150080,15900
150085,15900
150090,15900
150095,15900
150100,15900
150110,15900
150120,15900
150125,15900
150130,15900
150140,15900
150145,15900
150150,15900
150157,15900
150160,15900
150170,15900
150172,15900
150175,15900
150178,15900
150180,15900
150190,15900
150195,15900
150200,15900
150210,15900
150215,15900
150220,15900
150230,15900
150240,15900
150250,15900
150260,15900
150270,15900
150275,15900
150276,15900
150277,15900
150280,15900
150285,15900
150290,15900
150293,15900
150295,15900
150300,15900
150304,15900
150307,15900
150309,15900
150310,15900
150320,15900
150330,15900
150340,15900
150345,15900
150350,15900
150360,15900
150370,15900
150375,15900
150380,15900
150390,15900
150400,15900
150405,15900
150410,15900
150420,15900
150430,15900
150440,15900
150442,15900
150445,15900
150450,15900
150460,15900
150470,15900
150475,15900
150480,15900
150490,15900
150495,15900
150497,15900
150500,15900
150503,15900
150506,15900
150510,15900
150520,15900
150530,15900
150540,15900
150543,15900
150548,15900
150549,15900
150550,15900
150553,15900
150555,15900
150560,15900
150563,15900
150565,15900
150570,15900
150580,15900
150590,15900
150600,15900
150610,15900
150611,15900
150613,15900
150616,15900
150618,15900
150619,15900
150620,15900
150630,15900
150635,15900
150640,15900
150650,15900
150655,15900
150658,15900
150660,15900
150670,15900
150680,15900
150690,15900
150700,15900
150710,15900
150715,15900
150720,15900
150730,15900
150740,15900
150745,15900
150746,15900
150747,15900
150750,15900
150760,15900
150770,15900
150775,15900
150780,15900
150790,15900
150795,15900
150796,15900
150797,15900
150800,15900
150803,15900
150805,15900
150808,15900
150810,15900
150812,15900
150815,15900
150820,15900
150830,15900
150835,15900
150840,15900
160000,16000
160005,16900
160010,16900
160015,16900
160020,16900
160021,16900
160023,16900
160025,16900
160027,16900
160030,16900
160040,16900
160050,16900
160053,16900
160055,16900
160060,16900
160070,16900
160080,16900
170000,17000
170025,17900
170030,17900
170035,17900
170040,17900
170070,17900
170100,17900
170105,17900
170110,17900
170130,17900
170190,17900
170200,17900
170210,17900
170215,17900
170220,17900
170230,17900
170240,17900
170255,17900
170270,17900
170290,17900
170300,17900
170305,17900
170307,17900
170310,17900
170320,17900
170330,17900
170360,17900
170370,17900
170380,17900
170382,17900
170384,17900
170386,17900
170388,17900
170389,17900
170390,17900
170410,17900
170460,17900
170510,17900
170550,17900
170555,17900
170560,17900
170600,17900
170610,17900
170625,17900
170650,17900
170700,17900
170710,17900
170720,17900
170730,17900
170740,17900
170755,17900
170765,17900
170770,17900
170820,17900
170825,17900
170830,17900
170900,17900
170930,17900
170950,17900
170980,17900
171050,17900
171070,17900
171090,17900
171110,17900
171150,17900
171180,17900
171190,17900
171195,17900
171200,17900
171215,17900
171240,17900
171245,17900
171250,17900
171270,17900
171280,17900
171320,17900
171330,17900
171360,17900
171370,17900
171380,17900
171395,17900
171420,17900
171430,17900
171488,17900
171500,17900
171510,17900
171515,17900
171525,17900
171550,17900
171570,17900
171575,17900
171610,17900
171620,17900
171630,17900
171650,17900
171660,17900
171665,17900
171670,17900
171700,17900
171720,17900
171750,17900
171780,17900
171790,17900
171800,17900
171820,17900
171830,17900
171840,17900
171845,17900
171850,17900
171855,17900
171865,17900
171870,17900
171875,17900
171880,17900
171884,17900
171886,17900
171888,17900
171889,17900
171890,17900
171900,17900
172000,17900
172010,17900
172015,17900
172020,17900
172025,17900
172030,17900
172049,17900
172065,17900
172080,17900
172085,17900
172090,17900
172093,17900
172097,17900
172100,17900
172110,17900
172120,17900
172125,17900
172130,17900
172208,17900
172210,17900
210000,21000
210005,21900
210010,21900
210015,21900
210020,21900
210030,21900
210040,21900
210043,21900
210047,21900
210050,21900
210055,21900
210060,21900
210070,21900
210080,21900
210083,21900
210087,21900
210090,21900
210095,21900
210100,21900
210110,21900
210120,21900
210125,21900
210130,21900
210135,21900
210140,21900
210150,21900
210160,21900
210170,21900
210173,21900
210177,21900
210180,21900
210190,21900
210193,21900
210197,21900
210200,21900
210203,21900
210207,21900
210210,21900
210215,21900
210220,21900
210230,21900
210232,21900
210235,21900
210237,21900
210240,21900
210250,21900
210255,21900
210260,21900
210270,21900
210275,21900
210280,21900
210290,21900
210300,21900
210310,21900
210312,21900
210315,21900
210317,21900
210320,21900
210325,21900
210330,21900
210340,21900
210350,21900
210355,21900
210360,21900
210370,21900
210375,21900
210380,21900
210390,21900
210400,21900
210405,21900
210407,21900
210408,21900
210409,21900
210410,21900
210420,21900
210430,21900
210440,21900
210450,21900
210455,21900
210460,21900
210462,21900
210465,21900
210467,21900
210470,21900
210480,21900
210490,21900
210500,21900
210510,21900
210515,21900
210520,21900
210530,21900
210535,21900
210540,21900
210542,21900
210545,21900
210547,21900
210550,21900
210560,21900
210565,21900
210570,21900
210580,21900
210590,21900
210592,21900
210594,21900
210596,21900
210598,21900
210600,21900
210610,21900
210620,21900
210630,21900
210632,21900
210635,21900
210637,21900
210640,21900
210650,21900
210660,21900
210663,21900
210667,21900
210670,21900
210675,21900
210680,21900
210690,21900
210700,21900
210710,21900
210720,21900
210725,21900
210730,21900
210735,21900
210740,21900
210745,21900
210750,21900
210760,21900
210770,21900
210780,21900
210790,21900
210800,21900
210805,21900
210810,21900
210820,21900
210825,21900
210830,21900
210840,21900
210845,21900
210850,21900
210860,21900
210870,21900
210880,21900
210890,21900
210900,21900
210905,21900
210910,21900
210920,21900
210923,21900
210927,21900
210930,21900
210940,21900
210945,21900
210950,21900
210955,21900
210960,21900
210970,21900
210975,21900
210980,21900
210990,21900
211000,21900
211003,21900
211010,21900
211020,21900
211023,21900
211027,21900
211030,21900
211040,21900
211050,21900
211060,21900
211065,21900
211070,21900
211080,21900
211085,21900
211090,21900
211100,21900
211102,21900
211105,21900
211107,21900
211110,21900
211120,21900
211125,21900
211130,21900
211140,21900
211150,21900
211153,21900
211157,21900
211160,21900
211163,21900
211167,21900
211170,21900
211172,21900
211174,21900
211176,21900
211178,21900
211180,21900
211190,21900
211195,21900
211200,21900
211210,21900
211220,21900
211223,21900
211227,21900
211230,21900
211240,21900
211245,21900
211250,21900
211260,21900
211270,21900
211280,21900
211285,21900
211290,21900
211300,21900
211400,21900
220000,22000
220005,22900
220010,22900
220020,22900
220025,22900
220027,22900
220030,22900
220040,22900
220045,22900
220050,22900
220060,22900
220070,22900
220080,22900
220090,22900
220095,22900
220100,22900
220105,22900
220110,22900
220115,22900
220117,22900
220120,22900
220130,22900
220140,22900
220150,22900
220155,22900
220157,22900
220160,22900
220170,22900
220173,22900
220177,22900
220180,22900
220190,22900
220191,22900
220192,22900
220194,22900
220196,22900
220198,22900
220200,22900
220202,22900
220205,22900
220207,22900
220208,22900
220209,22900
220210,22900
220211,22900
220213,22900
220217,22900
220220,22900
220225,22900
220230,22900
220240,22900
220245,22900
220250,22900
220253,22900
220255,22900
220260,22900
220265,22900
220270,22900
220271,22900
220272,22900
220273,22900
220275,22900
220277,22900
220280,22900
220285,22900
220290,22900
220300,22900
220310,22900
220320,22900
220323,22900
220325,22900
220327,22900
220330,22900
220335,22900
220340,22900
220342,22900
220345,22900
220350,22900
220360,22900
220370,22900
220375,22900
220380,22900
220385,22900
220390,22900
220400,22900
220410,22900
220415,22900
220420,22900
220430,22900
220435,22900
220440,22900
220450,22900
220455,22900
220460,22900
220465,22900
220470,22900
220480,22900
220490,22900
220500,22900
220510,22900
220515,22900
220520,22900
220525,22900
220527,22900
220530,22900
220535,22900
220540,22900
220545,22900
220550,22900
220551,22900
220552,22900
220553,22900
220554,22900
220555,22900
220556,22900
220557,22900
220558,22900
220559,22900
220560,22900
220570,22900
220580,22900
220585,22900
220590,22900
220595,22900
220600,22900
220605,22900
220610,22900
220620,22900
220630,22900
220635,22900
220640,22900
220650,22900
220660,22900
220665,22900
220667,22900
220669,22900
220670,22900
220672,22900
220675,22900
220680,22900
220690,22900
220695,22900
220700,22900
220710,22900
220720,22900
220730,22900
220735,22900
220740,22900
220750,22900
220755,22900
220760,22900
220770,22900
220775,22900
220777,22900
220779,22900
220780,22900
220785,22900
220790,22900
220793,22900
220795,22900
220800,22900
220810,22900
220820,22900
220830,22900
220840,22900
220850,22900
220855,22900
220860,22900
220865,22900
220870,22900
220880,22900
220885,22900
220887,22900
220890,22900
220900,22900
220910,22900
220915,22900
220920,22900
220930,22900
220935,22900
220937,22900
220940,22900
220945,22900
220950,22900
220955,22900
220960,22900
220965,22900
220970,22900
220975,22900
220980,22900
220985,22900
220987,22900
220990,22900
220995,22900
220997,22900
221000,22900
221005,22900
221010,22900
221020,22900
221030,22900
221035,22900
221037,22900
221038,22900
221039,22900
221040,22900
221050,22900
221060,22900
221062,22900
221063,22900
221065,22900
221070,22900
221080,22900
221090,22900
221093,22900
221095,22900
221097,22900
221100,22900
221110,22900
221120,22900
221130,22900
221135,22900
221140,22900
221150,22900
221160,22900
221170,22900
230000,23000
230010,23900
230015,23900
230020,23900
230030,23900
230040,23900
230050,23900
230060,23900
230070,23900
230075,23900
230080,23900
230090,23900
230100,23900
230110,23900
230120,23900
230125,23900
230130,23900
230140,23900
230150,23900
230160,23900
230170,23900
230180,23900
230185,23900
230190,23900
230195,23900
230200,23900
230205,23900
230210,23900
230220,23900
230230,23900
230240,23900
230250,23900
230260,23900
230270,23900
230280,23900
230290,23900
230300,23900
230310,23900
230320,23900
230330,23900
230340,23900
230350,23900
230360,23900
230365,23900
230370,23900
230380,23900
230390,23900
230393,23900
230395,23900
230400,23900
230410,23900
230420,23900
230423,23900
230425,23900
230426,23900
230427,23900
230428,23900
230430,23900
230435,23900
230440,23900
230445,23900
230450,23900
230460,23900
230465,23900
230470,23900
230480,23900
230490,23900
230495,23900
230500,23900
230510,23900
230520,23900
230523,23900
230526,23900
230530,23900
230533,23900
230535,23900
230540,23900
230550,23900
230560,23900
230565,23900
230570,23900
230580,23900
230590,23900
230600,23900
230610,23900
230620,23900
230625,23900
230630,23900
230640,23900
230650,23900
230655,23900
230660,23900
230670,23900
230680,23900
230690,23900
230700,23900
230710,23900
230720,23900
230725,23900
230730,23900
230740,23900
230750,23900
230760,23900
230763,23900
230765,23900
230770,23900
230780,23900
230790,23900
230800,23900
230810,23900
230820,23900
230830,23900
230835,23900
230837,23900
230840,23900
230850,23900
230860,23900
230870,23900
230880,23900
230890,23900
230900,23900
230910,23900
230920,23900
230930,23900
230940,23900
230945,23900
230950,23900
230960,23900
230970,23900
230980,23900
230990,23900
231000,23900
231010,23900
231020,23900
231025,23900
231030,23900
231040,23900
231050,23900
231060,23900
231070,23900
231080,23900
231085,23900
231090,23900
231095,23900
231100,23900
231110,23900
231120,23900
231123,23900
231126,23900
231130,23900
231135,23900
231140,23900
231150,23900
231160,23900
231170,23900
231180,23900
231190,23900
231195,23900
231200,23900
231210,23900
231220,23900
231230,23900
231240,23900
231250,23900
231260,23900
231270,23900
231280,23900
231290,23900
231300,23900
231310,23900
231320,23900
231325,23900
231330,23900
231335,23900
231340,23900
231350,23900
231355,23900
231360,23900
231370,23900
231375,23900
231380,23900
231390,23900
231395,23900
231400,23900
231410,23900
240000,24000
240010,24900
240020,24900
240030,24900
240040,24900
240050,24900
240060,24900
240070,24900
240080,24900
240090,24900
240100,24900
240110,24900
240120,24900
240130,24900
240140,24900
240145,24900
240150,24900
240160,24900
240165,24900
240170,24900
240180,24900
240185,24900
240190,24900
240200,24900
240210,24900
240220,24900
240230,24900
240240,24900
240250,24900
240260,24900
240270,24900
240280,24900
240290,24900
240300,24900
240310,24900
240320,24900
240325,24900
240330,24900
240340,24900
240350,24900
240360,24900
240370,24900
240375,24900
240380,24900
240390,24900
240400,24900
240410,24900
240420,24900
240430,24900
240440,24900
240450,24900
240460,24900
240470,24900
240480,24900
240485,24900
240490,24900
240500,24900
240510,24900
240520,24900
240530,24900
240540,24900
240550,24900
240560,24900
240570,24900
240580,24900
240590,24900
240600,24900
240610,24900
240615,24900
240620,24900
240630,24900
240640,24900
240650,24900
240660,24900
240670,24900
240680,24900
240690,24900
240700,24900
240710,24900
240720,24900
240725,24900
240730,24900
240740,24900
240750,24900
240760,24900
240770,24900
240780,24900
240790,24900
240800,24900
240810,24900
240820,24900
240830,24900
240840,24900
240850,24900
240860,24900
240870,24900
240880,24900
240890,24900
240895,24900
240910,24900
240920,24900
240930,24900
240933,24900
240940,24900
240950,24900
240960,24900
240970,24900
240980,24900
240990,24900
241000,24900
241010,24900
241020,24900
241025,24900
241030,24900
241040,24900
241050,24900
241060,24900
241070,24900
241080,24900
241090,24900
241100,24900
241105,24900
241110,24900
241120,24900
241140,24900
241142,24900
241150,24900
241160,24900
241170,24900
241180,24900
241190,24900
241200,24900
241210,24900
241220,24900
241230,24900
241240,24900
241250,24900
241255,24900
241260,24900
241270,24900
241280,24900
241290,24900
241300,24900
241310,24900
241320,24900
241330,24900
241335,24900
241340,24900
241350,24900
241355,24900
241360,24900
241370,24900
241380,24900
241390,24900
241400,24900
241410,24900
241415,24900
241420,24900
241430,24900
241440,24900
241445,24900
241450,24900
241460,24900
241470,24900
241475,24900
241480,24900
241490,24900
241500,24900
250000,25000
250010,25900
250020,25900
250030,25900
250040,25900
250050,25900
250053,25900
250057,25900
250060,25900
250070,25900
250073,25900
250077,25900
250080,25900
250090,25900
250100,25900
250110,25900
250115,25900
250120,25900
250130,25900
250135,25900
250140,25900
250150,25900
250153,25900
250157,25900
250160,25900
250170,25900
250180,25900
250190,25900
250200,25900
250205,25900
250210,25900
250215,25900
250220,25900
250230,25900
250240,25900
250250,25900
250260,25900
250270,25900
250280,25900
250290,25900
250300,25900
250310,25900
250320,25900
250330,25900
250340,25900
250350,25900
250355,25900
250360,25900
250370,25900
250375,25900
250380,25900
250390,25900
250400,25900
250403,25900
250407,25900
250410,25900
250415,25900
250420,25900
250430,25900
250435,25900
250440,25900
250450,25900
250460,25900
250470,25900
250480,25900
250485,25900
250490,25900
250500,25900
250510,25900
250520,25900
250523,25900
250527,25900
250530,25900
250535,25900
250540,25900
250550,25900
250560,25900
250570,25900
250580,25900
250590,25900
250600,25900
250610,25900
250620,25900
250625,25900
250630,25900
250640,25900
250650,25900
250660,25900
250670,25900
250680,25900
250690,25900
250700,25900
250710,25900
250720,25900
250730,25900
250740,25900
250750,25900
250760,25900
250770,25900
250780,25900
250790,25900
250800,25900
250810,25900
250820,25900
250830,25900
250840,25900
250850,25900
250855,25900
250860,25900
250870,25900
250880,25900
250890,25900
250900,25900
250905,25900
250910,25900
250915,25900
250920,25900
250930,25900
250933,25900
250937,25900
250939,25900
250940,25900
250950,25900
250960,25900
250970,25900
250980,25900
250990,25900
251000,25900
251010,25900
251020,25900
251030,25900
251040,25900
251050,25900
251060,25900
251065,25900
251070,25900
251080,25900
251090,25900
251100,25900
251110,25900
251120,25900
251130,25900
251140,25900
251150,25900
251160,25900
251170,25900
251180,25900
251190,25900
251200,25900
251203,25900
251207,25900
251210,25900
251220,25900
251230,25900
251240,25900
251250,25900
251260,25900
251270,25900
251272,25900
251274,25900
251275,25900
251276,25900
251278,25900
251280,25900
251290,25900
251300,25900
251310,25900
251315,25900
251320,25900
251330,25900
251335,25900
251340,25900
251350,25900
251360,25900
251365,25900
251370,25900
251380,25900
251385,25900
251390,25900
251392,25900
251394,25900
251396,25900
251398,25900
251400,25900
251410,25900
251420,25900
251430,25900
251440,25900
251445,25900
251450,25900
251455,25900
251460,25900
251465,25900
251470,25900
251480,25900
251490,25900
251500,25900
251510,25900
251520,25900
251530,25900
251540,25900
251550,25900
251560,25900
251570,25900
251580,25900
251590,25900
251593,25900
251597,25900
251600,25900
251610,25900
251615,25900
251620,25900
251630,25900
251640,25900
251650,25900
251660,25900
251670,25900
251675,25900
251680,25900
251690,25900
251700,25900
251710,25900
251720,25900
251740,25900
260000,26000
260005,26001
260010,26900
260020,26900
260030,26006
260040,26900
260050,26900
260060,26008
260070,26900
260080,26006
260090,26900
260100,26900
260105,26001
260110,26900
260120,26010
260130,26007
260140,26900
260150,26900
260160,26900
260170,26008
260180,26900
260190,26007
260200,26900
260210,26900
260220,26004
260230,26007
260240,26900
260250,26900
260260,26009
260270,26005
260280,26010
260290,26003
260300,26900
260310,26008
260320,26900
260330,26900
260340,26900
260345,26002
260350,26007
260360,26900
260370,26900
260380,26900
260390,26900
260392,26900
260400,26005
260410,26006
260415,26004
260420,26900
260430,26900
260440,26002
260450,26002
260460,26900
260470,26900
260480,26900
260490,26004
260500,26006
260510,26010
260515,26900
260520,26900
260530,26900
260540,26004
260545,26001
260550,26900
260560,26900
260570,26900
260580,26009
260590,26900
260600,26900
260610,26002
260620,26900
260630,26900
260640,26007
260650,26900
260660,26010
260670,26006
260680,26001
260690,26900
260700,26011
260710,26900
260720,26003
260730,26900
260740,26900
260750,26900
260760,26001
260765,26900
260770,26900
260775,26001
260780,26900
260790,26003
260795,26900
260800,26009
260805,26011
260810,26004
260820,26900
260825,26900
260830,26900
260840,26006
260845,26005
260850,26005
260860,26900
260870,26900
260875,26900
260880,26900
260890,26004
260900,26900
260910,26004
260915,26010
260920,26900
260930,26900
260940,26003
260950,26005
260960,26001
260970,26004
260980,26900
260990,26900
261000,26900
261010,26900
261020,26006
261030,26900
261040,26900
261050,26004
261060,26005
261070,26001
261080,26010
261090,26008
261100,26011
261110,26900
261120,26008
261130,26002
261140,26900
261150,26900
261153,26900
261160,26001
261170,26006
261180,26900
261190,26900
261200,26007
261210,26004
261220,26900
261230,26900
261240,26008
261245,26900
261247,26900
261250,26009
261255,26900
261260,26900
261270,26009
261280,26900
261290,26900
261300,26008
261310,26006
261320,26900
261330,26007
261340,26900
261350,26900
261360,26900
261370,26002
261380,26900
261390,26900
261400,26900
261410,26010
261420,26900
261430,26900
261440,26900
261450,26004
261460,26900
261470,26008
261480,26011
261485,26900
261500,26009
261510,26900
261520,26900
261530,26900
261540,26009
261550,26005
261560,26900
261570,26900
261580,26010
261590,26900
261600,26010
261610,26900
261618,26004
261620,26009
261630,26005
261640,26002
261650,26900
270000,27000
270010,27007
270020,27003
270030,27005
270040,27001
270050,27001
270060,27001
270070,27006
270080,27009
270090,27006
270100,27003
270110,27011
270120,27009
270130,27010
270135,27012
270140,27003
270150,27005
270160,27008
270170,27010
270180,27008
270190,27010
270200,27005
270210,27012
270220,27001
270230,27013
270235,27005
270240,27007
270250,27008
270255,27009
270260,27005
270270,27013
270280,27012
270290,27005
270300,27011
270310,27009
270320,27004
270330,27007
270340,27006
270350,27002
270360,27002
270370,27005
270375,27003
270380,27012
270390,27012
270400,27013
270410,27005
270420,27005
270430,27001
270440,27009
270450,27002
270460,27008
270470,27001
270480,27009
270490,27009
270500,27007
270510,27002
270520,27001
270530,27009
270540,27006
270550,27011
270560,27012
270570,27008
270580,27007
270590,27005
270600,27008
270610,27008
270620,27006
270630,27009
270640,27006
270642,27007
270644,27001
270650,27002
270660,27010
270670,27004
270680,27004
270690,27001
270700,27010
270710,27007
270720,27008
270730,27002
270740,27002
270750,27004
270760,27009
270770,27001
270780,27003
270790,27001
270800,27008
270810,27011
270820,27004
270830,27011
270840,27006
270850,27002
270860,27003
270870,27002
270880,27005
270890,27001
270895,27008
270900,27009
270910,27005
270915,27013
270920,27005
270930,27011
270940,27010
280000,28000
280010,28900
280020,28900
280030,28900
280040,28900
280050,28900
280060,28900
280067,28900
280070,28900
280100,28900
280110,28900
280120,28900
280130,28900
280140,28900
280150,28900
280160,28900
280170,28900
280190,28900
280200,28900
280210,28900
280220,28900
280230,28900
280240,28900
280250,28900
280260,28900
280270,28900
280280,28900
280290,28900
280300,28900
280310,28900
280320,28900
280330,28900
280340,28900
280350,28900
280360,28900
280370,28900
280380,28900
280390,28900
280400,28900
280410,28900
280420,28900
280430,28900
280440,28900
280445,28900
280450,28900
280460,28900
280470,28900
280480,28900
280490,28900
280500,28900
280510,28900
280520,28900
280530,28900
280540,28900
280550,28900
280560,28900
280570,28900
280580,28900
280590,28900
280600,28900
280610,28900
280620,28900
280630,28900
280640,28900
280650,28900
280660,28900
280670,28900
280680,28900
280690,28900
280700,28900
280710,28900
280720,28900
280730,28900
280740,28900
280750,28900
280760,28900
290000,29000
290010,29013
290020,29062
290030,29051
290035,29052
290040,29014
290050,29081
290060,29093
290070,29051
290080,29032
290090,29092
290100,29044
290110,29011
290115,29021
290120,29084
290130,29012
290135,29063
290140,29071
290150,29011
290160,29052
290170,29011
290180,29063
290190,29051
290195,29093
290200,29081
290205,29051
290210,29014
290220,29051
290225,29091
290230,29044
290240,29092
290250,29071
290260,29011
290265,29052
290270,29072
290280,29081
290290,29084
290300,29021
290310,29093
290320,29071
290323,29021
290327,29014
290330,29092
290340,29031
290350,29084
290360,29014
290370,29093
290380,29012
290390,29073
290395,29084
290400,29013
290405,29012
290410,29081
290420,29081
290430,29093
290440,29071
290450,29072
290460,29081
290470,29092
290475,29072
290480,29083
290485,29042
290490,29042
290500,29082
290510,29022
290515,29084
290520,29082
290530,29021
290540,29094
290550,29022
290560,29092
290570,29041
290580,29094
290590,29061
290600,29063
290610,29073
290620,29021
290630,29091
290640,29011
290650,29043
290660,29082
290670,29084
290680,29014
290682,29061
290685,29011
290687,29022
290689,29084
290690,29032
290700,29051
290710,29082
290720,29061
290730,29044
290740,29071
290750,29051
290755,29081
290760,29021
290770,29062
290780,29052
290790,29052
290800,29092
290810,29073
290820,29042
290830,29044
290840,29014
290850,29011
290860,29041
290870,29084
290880,29081
290890,29011
290900,29084
290910,29073
290920,29052
290930,29073
290940,29071
290950,29093
290960,29051
290970,29071
290980,29042
290990,29061
291000,29093
291005,29041
291010,29081
291020,29044
291030,29044
291040,29084
291050,29051
291060,29051
291070,29014
291072,29031
291075,29052
291077,29073
291080,29011
291085,29063
291090,29083
291100,29092
291110,29071
291120,29094
291125,29011
291130,29021
291140,29062
291150,29092
291160,29042
291165,29081
291170,29082
291180,29031
291185,29052
291190,29012
291200,29082
291210,29092
291220,29081
291230,29083
291240,29021
291250,29081
291260,29012
291270,29092
291280,29032
291290,29093
291300,29013
291310,29021
291320,29072
291330,29011
291340,29082
291345,29094
291350,29083
291360,29091
291370,29051
291380,29011
291390,29093
291400,29011
291410,29072
291420,29093
291430,29093
291440,29013
291450,29011
291460,29021
291465,29031
291470,29012
291480,29092
291490,29091
291500,29012
291510,29093
291520,29093
291530,29031
291535,29021
291540,29092
291550,29092
291560,29032
291570,29093
291580,29083
291590,29051
291600,29032
291610,29043
291620,29092
291630,29031
291640,29083
291650,29051
291660,29092
291670,29093
291680,29083
291685,29044
291690,29093
291700,29063
291710,29083
291720,29081
291730,29094
291733,29082
291735,29073
291740,29082
291750,29022
291760,29093
291770,29063
291780,29044
291790,29051
291800,29093
291810,29062
291820,29044
291830,29093
291835,29021
291840,29061
291845,29032
291850,29021
291855,29092
291860,29081
291870,29093
291875,29082
291880,29044
291890,29032
291900,29012
291905,29093
291910,29014
291915,29021
291920,29043
291930,29013
291940,29082
291950,29081
291955,29071
291960,29012
291970,29083
291980,29081
291990,29062
291992,29043
291995,29084
292000,29083
292010,29022
292020,29082
292030,29081
292040,29093
292045,29071
292050,29093
292060,29042
292070,29092
292080,29012
292090,29091
292100,29041
292105,29082
292110,29032
292120,29022
292130,29044
292140,29022
292145,29084
292150,29014
292160,29072
292170,29022
292180,29082
292190,29013
292200,29032
292205,29021
292210,29011
292220,29044
292225,29072
292230,29042
292240,29044
292250,29044
292260,29094
292265,29014
292270,29083
292273,29011
292275,29094
292280,29044
292285,29012
292290,29052
292300,29032
292303,29013
292305,29052
292310,29052
292320,29072
292330,29051
292335,29022
292340,29082
292350,29013
292360,29081
292370,29072
292380,29052
292390,29092
292400,29062
292405,29011
292410,29051
292420,29062
292430,29013
292440,29061
292450,29082
292460,29063
292465,29011
292467,29094
292470,29084
292480,29022
292490,29093
292500,29084
292510,29084
292520,29041
292525,29063
292530,29031
292540,29083
292550,29032
292560,29021
292570,29084
292575,29044
292580,29014
292590,29014
292593,29022
292595,29011
292600,29061
292610,29014
292620,29071
292630,29011
292640,29082
292650,29052
292660,29052
292665,29084
292670,29081
292680,29082
292690,29081
292700,29051
292710,29062
292720,29012
292730,29044
292740,29043
292750,29011
292760,29062
292770,29031
292780,29092
292790,29093
292800,29014
292805,29091
292810,29073
292820,29073
292830,29011
292840,29071
292850,29044
292860,29043
292870,29044
292880,29011
292890,29071
292895,29014
292900,29042
292905,29073
292910,29044
292920,29043
292925,29021
292930,29011
292935,29092
292937,29022
292940,29044
292950,29043
292960,29042
292970,29051
292975,29043
292980,29022
292990,29013
293000,29082
293010,29063
293015,29073
293020,29061
293030,29073
293040,29011
293050,29014
293060,29022
293070,29041
293075,29073
293076,29052
293077,29061
293080,29013
293090,29071
293100,29081
293105,29082
293110,29011
293120,29094
293130,29022
293135,29032
293140,29011
293150,29014
293160,29094
293170,29011
293180,29084
293190,29014
293200,29061
293210,29044
293220,29092
293230,29092
293240,29021
293245,29022
293250,29091
293260,29082
293270,29091
293280,29012
293290,29094
293300,29014
293305,29022
293310,29022
293315,29022
293317,29044
293320,29043
293325,29032
293330,29084
293340,29012
293345,29071
293350,29094
293360,29021
310000,31000
310010,31074
310020,31024
310030,31059
310040,31060
310050,31037
310060,31039
310070,31072
310080,31033
310090,31062
310100,31068
310110,31040
310120,31008
310130,31008
310140,31007
310150,31041
310160,31001
310163,31013
310170,31063
310180,31036
310190,31005
310200,31001
310205,31059
310210,31013
310220,31040
310230,31060
310240,31026
310250,31060
310260,31006
310270,31068
310280,31043
310285,31069
310290,31013
310300,31035
310310,31045
310320,31024
310330,31046
310340,31064
310350,31075
310360,31043
310370,31061
310375,31075
310380,31057
310390,31029
310400,31070
310410,31002
310420,31029
310430,31001
310440,31044
310445,31027
310450,31058
310460,31044
310470,31069
310480,31019
310490,31008
310500,31024
310510,31030
310520,31063
310530,31001
310540,31021
310550,31045
310560,31013
310570,31060
310590,31015
310600,31023
310610,31043
310620,31016
310630,31037
310640,31016
310650,31064
310660,31062
310665,31056
310670,31017
310680,31043
310690,31047
310700,31024
310710,31011
310720,31043
310730,31054
310740,31028
310750,31043
310760,31005
310770,31021
310780,31034
310790,31007
310800,31033
310810,31017
310820,31058
310825,31053
310830,31007
310840,31001
310850,31051
310855,31077
310860,31049
310870,31048
310880,31037
310890,31003
310900,31017
310910,31007
310920,31019
310925,31037
310930,31058
310940,31055
310945,31058
310950,31002
310960,31024
310970,31007
310980,31073
310990,31024
311000,31016
311010,31042
311020,31061
311030,31006
311040,31033
311050,31007
311060,31007
311070,31010
311080,31069
311090,31010
311100,31001
311110,31073
311115,31049
311120,31033
311130,31001
311140,31072
311150,31070
311160,31001
311170,31061
311180,31073
311190,31033
311200,31033
311205,31039
311210,31042
311220,31013
311230,31027
311240,31005
311250,31024
311260,31073
311265,31036
311270,31051
311280,31005
311290,31059
311300,31067
311310,31014
311320,31013
311330,31042
311340,31034
311350,31026
311360,31007
311370,31066
311380,31020
311390,31010
311400,31033
311410,31008
311420,31029
311430,31057
311440,31001
311450,31033
311455,31071
311460,31004
311470,31001
311480,31008
311490,31014
311500,31075
311510,31005
311520,31015
311530,31044
311535,31021
311540,31014
311545,31067
311547,31052
311550,31008
311560,31024
311570,31038
311580,31073
311590,31043
311600,31059
311610,31027
311615,31058
311620,31043
311630,31013
311640,31005
311650,31054
311660,31029
311670,31048
311680,31026
311690,31071
311700,31065
311710,31001
311720,31003
311730,31072
311740,31059
311750,31025
311760,31032
311770,31008
311780,31007
311783,31053
311787,31025
311790,31007
311800,31014
311810,31026
311820,31072
311830,31014
311840,31040
311850,31003
311860,31018
311870,31011
311880,31050
311890,31024
311900,31012
311910,31019
311920,31036
311930,31074
311940,31035
311950,31064
311960,31043
311970,31015
311980,31030
311990,31007
311995,31030
312000,31035
312010,31026
312015,31062
312020,31033
312030,31051
312040,31014
312050,31008
312060,31017
312070,31057
312080,31008
312083,31038
312087,31056
312090,31019
312100,31026
312110,31003
312120,31005
312125,31072
312130,31047
312140,31014
312150,31013
312160,31026
312170,31060
312180,31035
312190,31048
312200,31042
312210,31038
312220,31036
312230,31029
312235,31068
312240,31001
312245,31063
312247,31058
312250,31037
312260,31020
312270,31060
312280,31008
312290,31044
312300,31015
312310,31020
312320,31028
312330,31048
312340,31005
312350,31074
312352,31059
312360,31012
312370,31036
312380,31054
312385,31034
312390,31014
312400,31048
312410,31017
312420,31042
312430,31052
312440,31007
312450,31007
312460,31041
312470,31028
312480,31074
312490,31045
312500,31043
312510,31007
312520,31001
312530,31042
312540,31026
312550,31026
312560,31063
312570,31019
312580,31036
312590,31021
312595,31042
312600,31017
312610,31030
312620,31058
312630,31005
312640,31024
312650,31064
312660,31054
312670,31051
312675,31069
312680,31069
312690,31036
312695,31039
312700,31071
312705,31062
312707,31056
312710,31071
312720,31024
312730,31036
312733,31052
312735,31054
312737,31040
312738,31043
312740,31003
312750,31036
312760,31026
312770,31036
312780,31051
312790,31074
312800,31020
312810,31005
312820,31060
312825,31054
312830,31002
312840,31048
312850,31047
312860,31057
312870,31002
312880,31048
312890,31057
312900,31048
312910,31073
312920,31007
312930,31037
312940,31013
312950,31070
312960,31055
312965,31049
312970,31005
312980,31018
312990,31006
313000,31015
313005,31049
313010,31017
313020,31032
313030,31030
313040,31004
313050,31011
313055,31034
313060,31007
313065,31056
313070,31075
313080,31004
313090,31034
313100,31024
313110,31019
313115,31037
313120,31059
313130,31037
313140,31073
313150,31007
313160,31074
313170,31021
313180,31038
313190,31022
313200,31054
313210,31053
313220,31031
313230,31067
313240,31003
313250,31026
313260,31044
313270,31069
313280,31021
313290,31009
313300,31008
313310,31008
313320,31036
313330,31065
313340,31071
313350,31029
313360,31007
313370,31031
313375,31005
313380,31031
313390,31014
313400,31065
313410,31040
313420,31073
313430,31004
313440,31071
313450,31004
313460,31016
313470,31063
313480,31009
313490,31007
313500,31035
313505,31052
313507,31036
313510,31052
313520,31053
313530,31029
313535,31049
313540,31014
313545,31064
313550,31060
313560,31050
313570,31024
313580,31063
313590,31008
313600,31063
313610,31037
313620,31023
313630,31077
313640,31054
313650,31063
313652,31027
313655,31039
313657,31051
313660,31016
313665,31017
313670,31043
313680,31054
313690,31002
313695,31076
313700,31069
313710,31057
313720,31029
313730,31050
313740,31015
313750,31057
313753,31077
313760,31025
313770,31059
313780,31008
313790,31014
313800,31044
313810,31055
313820,31004
313830,31032
313835,31027
313840,31044
313850,31043
313860,31043
313862,31071
313865,31049
313867,31059
313868,31049
313870,31004
313880,31028
313890,31062
313900,31001
313910,31015
313920,31069
313925,31052
313930,31076
313940,31059
313950,31059
313960,31038
313970,31024
313980,31047
313990,31003
314000,31022
314010,31036
314015,31017
314020,31047
314030,31035
314040,31003
314050,31028
314053,31059
314055,31063
314060,31020
314070,31017
314080,31043
314085,31052
314090,31059
314100,31052
314110,31025
314120,31057
314130,31030
314140,31065
314150,31038
314160,31048
314170,31037
314180,31027
314190,31008
314200,31049
314210,31045
314220,31045
314225,31076
314230,31016
314240,31028
314250,31019
314260,31012
314270,31076
314280,31075
314290,31052
314300,31002
314310,31074
314315,31063
314320,31009
314330,31054
314340,31007
314345,31056
314350,31024
314360,31019
314370,31021
314380,31007
314390,31045
314400,31059
314410,31002
314420,31036
314430,31066
314435,31037
314437,31058
314440,31007
314450,31015
314460,31004
314465,31056
314467,31038
314470,31023
314480,31016
314490,31069
314500,31075
314505,31052
314510,31002
314520,31032
314530,31069
314535,31062
314537,31056
314540,31043
314545,31054
314550,31008
314560,31033
314570,31046
314580,31032
314585,31060
314587,31042
314590,31014
314600,31007
314610,31022
314620,31069
314625,31056
314630,31067
314640,31024
314650,31030
314655,31052
314660,31013
314670,31044
314675,31063
314690,31024
314700,31058
314710,31032
314720,31001
314730,31003
314740,31024
314750,31021
314760,31008
314770,31033
314780,31043
314790,31005
314795,31049
314800,31057
314810,31074
314820,31045
314830,31061
314840,31039
314850,31062
314860,31039
314870,31068
314875,31042
314880,31061
314890,31029
314900,31042
314910,31003
314915,31053
314920,31070
314930,31025
314940,31043
314950,31047
314960,31024
314970,31029
314980,31070
314990,31004
314995,31037
315000,31069
315010,31043
315015,31034
315020,31060
315030,31015
315040,31017
315050,31030
315053,31035
315057,31049
315060,31031
315070,31071
315080,31014
315090,31003
315100,31003
315110,31041
315120,31055
315130,31048
315140,31032
315150,31005
315160,31071
315170,31001
315180,31006
315190,31059
315200,31024
315210,31060
315213,31055
315217,31065
315220,31052
315230,31061
315240,31069
315250,31007
315260,31008
315270,31015
315280,31075
315290,31009
315300,31070
315310,31048
315320,31019
315330,31026
315340,31057
315350,31059
315360,31024
315370,31024
315380,31014
315390,31016
315400,31060
315410,31044
315415,31059
315420,31015
315430,31040
315440,31013
315445,31058
315450,31052
315460,31016
315470,31004
315480,31016
315490,31060
315500,31060
315510,31063
315520,31014
315530,31017
315540,31043
315550,31057
315560,31056
315570,31023
315580,31048
315590,31043
315600,31020
315610,31015
315620,31047
315630,31048
315640,31074
315645,31045
315650,31056
315660,31063
315670,31016
315680,31020
315690,31072
315700,31056
315710,31063
315720,31021
315725,31034
315727,31043
315730,31013
315733,31015
315737,31056
315740,31060
315750,31036
315760,31055
315765,31062
315770,31070
315780,31016
315790,31059
315800,31021
315810,31063
315820,31039
315830,31011
315840,31044
315850,31024
315860,31043
315870,31013
315880,31033
315890,31059
315895,31037
315900,31025
315910,31014
315920,31006
315930,31043
315935,31034
315940,31013
315950,31040
315960,31007
315970,31057
315980,31073
315990,31033
316000,31041
316010,31060
316020,31026
316030,31063
316040,31029
316045,31056
316050,31021
316060,31019
316070,31046
316080,31010
316090,31014
316095,31034
316100,31023
316105,31038
316110,31049
316120,31033
316130,31071
316140,31045
316150,31048
316160,31036
316165,31036
316170,31057
316180,31029
316190,31021
316200,31012
316210,31057
316220,31005
316225,31050
316230,31007
316240,31049
316245,31076
316250,31015
316255,31059
316257,31038
316260,31037
316265,31050
316270,31056
316280,31039
316290,31047
316292,31017
316294,31005
316295,31025
316300,31036
316310,31032
316320,31003
316330,31069
316340,31060
316350,31039
316360,31059
316370,31008
316380,31061
316390,31002
316400,31060
316410,31039
316420,31049
316430,31005
316440,31007
316443,31045
316447,31034
316450,31039
316460,31029
316470,31009
316480,31021
316490,31008
316500,31015
316510,31009
316520,31010
316530,31015
316540,31003
316550,31036
316553,31018
316555,31069
316556,31060
316557,31007
316560,31047
316570,31048
316580,31007
316590,31026
316600,31014
316610,31020
316620,31013
316630,31060
316640,31008
316650,31020
316660,31028
316670,31066
316680,31057
316690,31001
316695,31052
316700,31008
316710,31026
316720,31024
316730,31048
316740,31007
316750,31043
316760,31059
316770,31036
316780,31008
316790,31048
316800,31056
316805,31059
316810,31070
316820,31030
316830,31016
316840,31036
316850,31061
316860,31069
316870,31035
316880,31015
316890,31057
316900,31048
316905,31007
316910,31007
316920,31042
316930,31010
316935,31019
316940,31011
316950,31036
316960,31075
316970,31027
316980,31007
316990,31048
317000,31049
317005,31034
317010,31072
317020,31075
317030,31062
317040,31058
317043,31071
317047,31058
317050,31060
317052,31049
317057,31034
317060,31005
317065,31056
317070,31012
317075,31057
317080,31055
317090,31049
317100,31057
317103,31052
317107,31027
317110,31072
317115,31034
317120,31025
317130,31061
317140,31045
317150,31036
317160,31064
317170,31008
317180,31020
317190,31036
317200,31048
317210,31041
317220,31003
320000,32000
320010,32006
320013,32002
320016,32002
320020,32008
320030,32006
320035,32002
320040,32006
320050,32007
320060,32003
320070,32007
320080,32002
320090,32002
320100,32001
320110,32008
320115,32006
320120,32007
320130,32004
320140,32007
320150,32002
320160,32001
320170,32006
320180,32008
320190,32006
320200,32008
320210,32002
320220,32005
320225,32002
320230,32008
320240,32006
320245,32008
320250,32003
320255,32008
320260,32007
320265,32008
320270,32005
320280,32007
320290,32005
320300,32008
320305,32001
320310,32007
320313,32003
320316,32005
320320,32003
320330,32002
320332,32007
320334,32006
320335,32002
320340,32007
320350,32001
320360,32001
320370,32008
320380,32007
320390,32002
320400,32002
320405,32001
320410,32001
320420,32006
320425,32001
320430,32007
320435,32003
320440,32007
320450,32004
320455,32005
320460,32005
320465,32002
320470,32002
320480,32008
320490,32001
320495,32002
320500,32005
320501,32003
320503,32007
320506,32006
320510,32004
320515,32002
320517,32002
320520,32006
320530,32004
330000,33000
330010,33900
330015,33900
330020,33900
330022,33900
330023,33900
330025,33900
330030,33900
330040,33900
330045,33900
330050,33900
330060,33900
330070,33900
330080,33900
330090,33900
330093,33900
330095,33900
330100,33900
330110,33900
330115,33900
330120,33900
330130,33900
330140,33900
330150,33900
330160,33900
330170,33900
330180,33900
330185,33900
330187,33900
330190,33900
330200,33900
330205,33900
330210,33900
330220,33900
330225,33900
330227,33900
330230,33900
330240,33900
330245,33900
330250,33900
330260,33900
330270,33900
330280,33900
330285,33900
330290,33900
330300,33900
330310,33900
330320,33900
330330,33900
330340,33900
330350,33900
330360,33900
330370,33900
330380,33900
330385,33900
330390,33900
330395,33900
330400,33900
330410,33900
330411,33900
330412,33900
330414,33900
330415,33900
330420,33900
330430,33900
330440,33900
330450,33900
330452,33900
330455,33900
330460,33900
330470,33900
330475,33900
330480,33900
330490,33900
330500,33900
330510,33900
330513,33900
330515,33900
330520,33900
330530,33900
330540,33900
330550,33900
330555,33900
330560,33900
330570,33900
330575,33900
330580,33900
330590,33900
330600,33900
330610,33900
330615,33900
330620,33900
330630,33900
350000,35000
350010,35091
350020,35156
350030,35142
350040,35142
350050,35074
350055,35061
350060,35103
350070,35062
350075,35161
350080,35112
350090,35051
350100,35133
350110,35023
350115,35163
350120,35157
350130,35112
350140,35093
350150,35093
350160,35072
350170,35031
350180,35157
350190,35074
350200,35104
350210,35022
350220,35161
350230,35063
350240,35112
350250,35172
350260,35153
350270,35162
350275,35163
350280,35021
350290,35163
350300,35083
350310,35061
350315,35172
350320,35031
350330,35101
350335,35095
350340,35062
350350,35172
350360,35063
350370,35151
350380,35072
350390,35011
350395,35153
350400,35092
350410,35071
350420,35021
350430,35062
350440,35023
350450,35061
350460,35155
350470,35062
350480,35155
350490,35172
350500,35061
350510,35023
350520,35064
350530,35064
350535,35162
350540,35121
350550,35051
350560,35131
350570,35014
350580,35095
350590,35133
350600,35062
350610,35052
350620,35021
350630,35094
350635,35041
350640,35021
350650,35023
350660,35011
350670,35031
350680,35064
350690,35063
350700,35163
350710,35071
350715,35162
350720,35092
350730,35064
350740,35032
350745,35062
350750,35063
350760,35071
350770,35023
350775,35023
350780,35133
350790,35064
350800,35162
350810,35023
350820,35083
350830,35062
350840,35073
350850,35171
350860,35172
350870,35143
350880,35065
350890,35112
350900,35012
350910,35114
350920,35012
350925,35121
350930,35051
350940,35133
350945,35161
350950,35072
350960,35073
350970,35174
350980,35093
350990,35121
350995,35172
351000,35092
351010,35033
351015,35094
351020,35161
351030,35163
351040,35103
351050,35173
351060,35014
351070,35157
351080,35143
351090,35133
351100,35022
351110,35151
351120,35151
351130,35155
351140,35061
351150,35161
351160,35161
351170,35103
351190,35023
351200,35051
351210,35051
351220,35101
351230,35063
351240,35102
351250,35023
351260,35061
351270,35104
351280,35072
351290,35157
351300,35013
351310,35132
351320,35081
351330,35092
351340,35172
351350,35041
351360,35172
351370,35034
351380,35015
351385,35153
351390,35143
351400,35033
351410,35064
351420,35153
351430,35034
351440,35111
351450,35062
351460,35131
351470,35093
351480,35121
351490,35103
351492,35151
351495,35151
351500,35013
351510,35013
351512,35112
351515,35102
351518,35142
351519,35094
351520,35154
351530,35112
351535,35115
351540,35061
351550,35154
351560,35151
351565,35093
351570,35011
351580,35111
351590,35157
351600,35091
351610,35092
351620,35081
351630,35012
351640,35012
351650,35023
351660,35093
351670,35093
351680,35157
351685,35031
351690,35157
351700,35065
351710,35023
351720,35065
351730,35093
351740,35051
351750,35155
351760,35162
351770,35083
351780,35022
351790,35051
351800,35154
351810,35093
351820,35021
351830,35011
351840,35172
351850,35161
351860,35131
351870,35041
351880,35011
351885,35132
351890,35021
351900,35095
351905,35072
351907,35072
351910,35062
351920,35095
351925,35061
351930,35034
351940,35155
351950,35092
351960,35032
351970,35163
351980,35155
351990,35113
352000,35064
352010,35083
352020,35171
352030,35121
352040,35173
352042,35121
352044,35022
352050,35072
352060,35112
352070,35154
352080,35091
352090,35094
352100,35163
352110,35104
352115,35155
352120,35121
352130,35082
352140,35102
352150,35151
352160,35111
352170,35162
352180,35061
352190,35151
352200,35064
352210,35041
352215,35162
352220,35013
352230,35161
352240,35162
352250,35014
352260,35141
352265,35162
352270,35032
352280,35061
352290,35064
352300,35022
352310,35011
352320,35162
352330,35121
352340,35072
352350,35063
352360,35104
352370,35081
352380,35143
352390,35163
352400,35073
352410,35083
352420,35051
352430,35131
352440,35171
352450,35156
352460,35121
352470,35072
352480,35153
352490,35171
352500,35014
352510,35132
352520,35073
352530,35064
352540,35081
352550,35071
352560,35113
352570,35156
352580,35093
352585,35163
352590,35073
352600,35111
352610,35121
352620,35013
352630,35174
352640,35063
352650,35022
352660,35172
352670,35101
352680,35062
352690,35102
352700,35074
352710,35065
352720,35172
352725,35023
352730,35073
352740,35091
352750,35062
352760,35132
352770,35023
352780,35093
352790,35092
352800,35062
352810,35157
352820,35154
352830,35157
352840,35163
352850,35012
352860,35061
352870,35114
352880,35092
352885,35151
352890,35091
352900,35093
352910,35153
352920,35112
352930,35033
352940,35015
352950,35156
352960,35154
352965,35153
352970,35083
352980,35064
352990,35121
353000,35154
353010,35022
353020,35115
353030,35155
353040,35155
353050,35143
353060,35011
353070,35141
353080,35141
353090,35103
353100,35157
353110,35041
353120,35074
353130,35131
353140,35156
353150,35052
353160,35111
353170,35171
353180,35072
353190,35082
353200,35071
353205,35031
353210,35022
353215,35113
353220,35112
353230,35174
353240,35071
353250,35155
353260,35157
353270,35156
353280,35155
353282,35162
353284,35152
353286,35021
353290,35032
353300,35155
353310,35111
353320,35022
353325,35151
353330,35021
353340,35072
353350,35151
353360,35082
353370,35093
353380,35094
353390,35051
353400,35155
353410,35093
353420,35155
353430,35082
353440,35014
353450,35093
353460,35091
353470,35094
353475,35154
353480,35111
353490,35091
353500,35155
353510,35151
353520,35153
353530,35092
353540,35111
353550,35092
353560,35171
353570,35151
353580,35061
353590,35153
353600,35095
353610,35063
353620,35121
353625,35157
353630,35081
353640,35111
353650,35072
353657,35062
353660,35155
353670,35062
353680,35071
353690,35154
353700,35081
353710,35072
353715,35092
353720,35121
353730,35023
353740,35022
353750,35063
353760,35041
353770,35023
353780,35163
353790,35163
353800,35174
353810,35151
353820,35071
353830,35114
353850,35172
353860,35071
353870,35103
353880,35061
353890,35062
353900,35151
353910,35014
353920,35112
353930,35101
353940,35062
353950,35131
353960,35156
353970,35092
353980,35011
353990,35156
354000,35093
354010,35065
354020,35131
354025,35153
354030,35157
354040,35154
354050,35063
354060,35163
354070,35034
354075,35172
354080,35155
354085,35091
354090,35131
354100,35041
354105,35063
354110,35062
354120,35112
354130,35114
354140,35112
354150,35114
354160,35065
354165,35161
354170,35113
354180,35095
354190,35172
354200,35093
354210,35103
354220,35113
354230,35174
354240,35112
354250,35062
354260,35121
354270,35081
354280,35162
354290,35034
354300,35162
354310,35081
354320,35094
354323,35112
354325,35161
354330,35015
354340,35132
354350,35162
354360,35081
354370,35031
354380,35095
354390,35104
354400,35103
354410,35015
354420,35157
354425,35115
354430,35172
354440,35021
354450,35152
354460,35065
354470,35091
354480,35151
354490,35082
354500,35011
354510,35091
354515,35103
354520,35163
354530,35163
354540,35094
354550,35112
354560,35151
354570,35153
354580,35072
354600,35171
354610,35152
354620,35101
354625,35133
354630,35142
354640,35094
354650,35033
354660,35152
354670,35104
354680,35011
354690,35031
354700,35103
354710,35111
354720,35153
354730,35014
354740,35152
354750,35132
354760,35132
354765,35153
354770,35112
354780,35015
354790,35133
354800,35072
354805,35021
354810,35142
354820,35174
354830,35112
354840,35023
354850,35041
354860,35174
354870,35015
354880,35015
354890,35034
354900,35153
354910,35142
354920,35154
354925,35154
354930,35111
354940,35082
354950,35081
354960,35172
354970,35143
354980,35155
354990,35171
354995,35013
355000,35174
355010,35063
355020,35161
355030,35016
355040,35103
355050,35094
355060,35163
355070,35173
355080,35143
355090,35132
355100,35041
355110,35161
355120,35061
355130,35157
355140,35132
355150,35132
355160,35074
355170,35131
355180,35121
355190,35051
355200,35172
355210,35071
355220,35163
355230,35022
355240,35072
355250,35011
355255,35022
355260,35151
355270,35032
355280,35013
355290,35112
355300,35061
355310,35052
355320,35052
355330,35142
355340,35155
355350,35163
355360,35143
355365,35052
355370,35033
355380,35061
355385,35162
355390,35112
355395,35092
355400,35161
355410,35174
355420,35061
355430,35115
355440,35052
355450,35163
355460,35094
355465,35063
355470,35064
355475,35031
355480,35174
355490,35152
355495,35071
355500,35095
355510,35111
355520,35023
355530,35154
355535,35156
355540,35173
355550,35093
355560,35155
355570,35156
355580,35153
355590,35065
355600,35151
355610,35157
355620,35072
355630,35021
355635,35071
355640,35142
355645,35013
355650,35073
355660,35093
355670,35072
355680,35052
355690,35052
355695,35153
355700,35163
355710,35157
355715,35156
355720,35094
355730,35141
410000,41000
410010,41900
410020,41900
410030,41900
410040,41900
410045,41900
410050,41900
410060,41900
410070,41900
410080,41900
410090,41900
410100,41900
410105,41900
410110,41900
410115,41900
410120,41900
410130,41900
410140,41900
410150,41900
410160,41900
410165,41900
410170,41900
410180,41900
410185,41900
410190,41900
410200,41900
410210,41900
410220,41900
410230,41900
410240,41900
410250,41900
410260,41900
410270,41900
410275,41900
410280,41900
410290,41900
410300,41900
410302,41900
410304,41900
410305,41900
410310,41900
410315,41900
410320,41900
410322,41900
410330,41900
410335,41900
410337,41900
410340,41900
410345,41900
410347,41900
410350,41900
410360,41900
410370,41900
410380,41900
410390,41900
410395,41900
410400,41900
410405,41900
410410,41900
410420,41900
410425,41900
410430,41900
410440,41900
410442,41900
410445,41900
410450,41900
410460,41900
410465,41900
410470,41900
410480,41900
410490,41900
410500,41900
410510,41900
410520,41900
410530,41900
410540,41900
410550,41900
410560,41900
410570,41900
410580,41900
410590,41900
410600,41900
410610,41900
410620,41900
410630,41900
410640,41900
410645,41900
410650,41900
410655,41900
410657,41900
410660,41900
410670,41900
410680,41900
410685,41900
410690,41900
410700,41900
410710,41900
410712,41900
410715,41900
410720,41900
410725,41900
410730,41900
410740,41900
410750,41900
410752,41900
410753,41900
410754,41900
410755,41900
410760,41900
410765,41900
410770,41900
410773,41900
410775,41900
410780,41900
410785,41900
410790,41900
410800,41900
410810,41900
410820,41900
410830,41900
410832,41900
410840,41900
410845,41900
410850,41900
410855,41900
410860,41900
410865,41900
410870,41900
410880,41900
410890,41900
410895,41900
410900,41900
410910,41900
410920,41900
410930,41900
410940,41900
410950,41900
410960,41900
410965,41900
410970,41900
410975,41900
410980,41900
410990,41900
411000,41900
411005,41900
411007,41900
411010,41900
411020,41900
411030,41900
411040,41900
411050,41900
411060,41900
411065,41900
411070,41900
411080,41900
411090,41900
411095,41900
411100,41900
411110,41900
411120,41900
411125,41900
411130,41900
411140,41900
411150,41900
411155,41900
411160,41900
411170,41900
411180,41900
411190,41900
411200,41900
411210,41900
411220,41900
411230,41900
411240,41900
411250,41900
411260,41900
411270,41900
411275,41900
411280,41900
411290,41900
411295,41900
411300,41900
411310,41900
411320,41900
411325,41900
411330,41900
411340,41900
411342,41900
411345,41900
411350,41900
411360,41900
411370,41900
411373,41900
411375,41900
411380,41900
411390,41900
411400,41900
411410,41900
411420,41900
411430,41900
411435,41900
411440,41900
411450,41900
411460,41900
411470,41900
411480,41900
411490,41900
411500,41900
411510,41900
411520,41900
411530,41900
411535,41900
411540,41900
411545,41900
411550,41900
411560,41900
411570,41900
411573,41900
411575,41900
411580,41900
411585,41900
411590,41900
411600,41900
411605,41900
411610,41900
411620,41900
411630,41900
411640,41900
411650,41900
411660,41900
411670,41900
411680,41900
411690,41900
411695,41900
411700,41900
411705,41900
411710,41900
411720,41900
411721,41900
411722,41900
411725,41900
411727,41900
411729,41900
411730,41900
411740,41900
411745,41900
411750,41900
411760,41900
411770,41900
411780,41900
411790,41900
411800,41900
411810,41900
411820,41900
411830,41900
411840,41900
411845,41900
411850,41900
411860,41900
411870,41900
411880,41900
411885,41900
411890,41900
411900,41900
411910,41900
411915,41900
411920,41900
411925,41900
411930,41900
411940,41900
411950,41900
411960,41900
411965,41900
411970,41900
411980,41900
411990,41900
411995,41900
412000,41900
412010,41900
412015,41900
412020,41900
412030,41900
412033,41900
412035,41900
412040,41900
412050,41900
412060,41900
412065,41900
412070,41900
412080,41900
412085,41900
412090,41900
412100,41900
412110,41900
412120,41900
412125,41900
412130,41900
412135,41900
412140,41900
412150,41900
412160,41900
412170,41900
412175,41900
412180,41900
412190,41900
412200,41900
412210,41900
412215,41900
412217,41900
412220,41900
412230,41900
412240,41900
412250,41900
412260,41900
412265,41900
412270,41900
412280,41900
412290,41900
412300,41900
412310,41900
412320,41900
412330,41900
412340,41900
412350,41900
412360,41900
412370,41900
412380,41900
412382,41900
412385,41900
412390,41900
412395,41900
412400,41900
412402,41900
412405,41900
412410,41900
412420,41900
412430,41900
412440,41900
412450,41900
412460,41900
412470,41900
412480,41900
412490,41900
412500,41900
412510,41900
412520,41900
412530,41900
412535,41900
412540,41900
412545,41900
412550,41900
412555,41900
412560,41900
412570,41900
412575,41900
412580,41900
412590,41900
412600,41900
412610,41900
412620,41900
412625,41900
412627,41900
412630,41900
412635,41900
412640,41900
412650,41900
412660,41900
412665,41900
412667,41900
412670,41900
412680,41900
412690,41900
412700,41900
412710,41900
412720,41900
412730,41900
412740,41900
412750,41900
412760,41900
412770,41900
412780,41900
412785,41900
412788,41900
412790,41900
412795,41900
412796,41900
412800,41900
412810,41900
412820,41900
412830,41900
412840,41900
412850,41900
412853,41900
412855,41900
412860,41900
412862,41900
412863,41900
412865,41900
412870,41900
412880,41900
420000,42000
420005,42900
420010,42900
420020,42900
420030,42900
420040,42900
420050,42900
420055,42900
420060,42900
420070,42900
420075,42900
420080,42900
420090,42900
420100,42900
420110,42900
420120,42900
420125,42900
420127,42900
420130,42900
420140,42900
420150,42900
420160,42900
420165,42900
420170,42900
420180,42900
420190,42900
420195,42900
420200,42900
420205,42900
420207,42900
420208,42900
420209,42900
420210,42900
420213,42900
420215,42900
420220,42900
420230,42900
420240,42900
420243,42900
420245,42900
420250,42900
420253,42900
420257,42900
420260,42900
420270,42900
420280,42900
420285,42900
420287,42900
420290,42900
420300,42900
420310,42900
420315,42900
420320,42900
420325,42900
420330,42900
420340,42900
420350,42900
420360,42900
420370,42900
420380,42900
420390,42900
420395,42900
420400,42900
420410,42900
420415,42900
420417,42900
420419,42900
420420,42900
420425,42900
420430,42900
420435,42900
420440,42900
420445,42900
420450,42900
420455,42900
420460,42900
420470,42900
420475,42900
420480,42900
420490,42900
420500,42900
420510,42900
420515,42900
420517,42900
420519,42900
420520,42900
420530,42900
420535,42900
420540,42900
420543,42900
420545,42900
420550,42900
420555,42900
420560,42900
420570,42900
420580,42900
420590,42900
420600,42900
420610,42900
420620,42900
420630,42900
420640,42900
420650,42900
420660,42900
420665,42900
420670,42900
420675,42900
420680,42900
420690,42900
420700,42900
420710,42900
420720,42900
420730,42900
420740,42900
420750,42900
420757,42900
420760,42900
420765,42900
420768,42900
420770,42900
420775,42900
420780,42900
420785,42900
420790,42900
420800,42900
420810,42900
420820,42900
420830,42900
420840,42900
420845,42900
420850,42900
420860,42900
420870,42900
420880,42900
420890,42900
420895,42900
420900,42900
420910,42900
420915,42900
420917,42900
420920,42900
420930,42900
420940,42900
420945,42900
420950,42900
420960,42900
420970,42900
420980,42900
420985,42900
420990,42900
421000,42900
421003,42900
421005,42900
421010,42900
421020,42900
421030,42900
421040,42900
421050,42900
421055,42900
421060,42900
421070,42900
421080,42900
421085,42900
421090,42900
421100,42900
421105,42900
421110,42900
421120,42900
421125,42900
421130,42900
421140,42900
421145,42900
421150,42900
421160,42900
421165,42900
421170,42900
421175,42900
421180,42900
421185,42900
421187,42900
421189,42900
421190,42900
421200,42900
421205,42900
421210,42900
421220,42900
421223,42900
421225,42900
421227,42900
421230,42900
421240,42900
421250,42900
421260,42900
421265,42900
421270,42900
421280,42900
421290,42900
421300,42900
421310,42900
421315,42900
421320,42900
421330,42900
421335,42900
421340,42900
421350,42900
421360,42900
421370,42900
421380,42900
421390,42900
421400,42900
421410,42900
421415,42900
421420,42900
421430,42900
421440,42900
421450,42900
421460,42900
421470,42900
421480,42900
421490,42900
421500,42900
421505,42900
421507,42900
421510,42900
421520,42900
421530,42900
421535,42900
421540,42900
421545,42900
421550,42900
421555,42900
421560,42900
421565,42900
421567,42900
421568,42900
421569,42900
421570,42900
421575,42900
421580,42900
421590,42900
421600,42900
421605,42900
421610,42900
421620,42900
421625,42900
421630,42900
421635,42900
421640,42900
421650,42900
421660,42900
421670,42900
421680,42900
421690,42900
421700,42900
421710,42900
421715,42900
421720,42900
421725,42900
421730,42900
421740,42900
421750,42900
421755,42900
421760,42900
421770,42900
421775,42900
421780,42900
421790,42900
421795,42900
421800,42900
421810,42900
421820,42900
421825,42900
421830,42900
421835,42900
421840,42900
421850,42900
421860,42900
421870,42900
421875,42900
421880,42900
421885,42900
421890,42900
421895,42900
421900,42900
421910,42900
421915,42900
421917,42900
421920,42900
421930,42900
421935,42900
421940,42900
421950,42900
421960,42900
421970,42900
421985,42900
422000,42900
430000,43000
430003,43900
430005,43900
430010,43900
430020,43900
430030,43900
430040,43900
430045,43900
430047,43900
430050,43900
430055,43900
430057,43900
430060,43900
430063,43900
430064,43900
430066,43900
430070,43900
430080,43900
430085,43900
430087,43900
430090,43900
430100,43900
430105,43900
430107,43900
430110,43900
430120,43900
430130,43900
430140,43900
430150,43900
430155,43900
430160,43900
430163,43900
430165,43900
430170,43900
430175,43900
430180,43900
430185,43900
430187,43900
430190,43900
430192,43900
430195,43900
430200,43900
430205,43900
430210,43900
430215,43900
430220,43900
430222,43900
430223,43900
430225,43900
430230,43900
430235,43900
430237,43900
430240,43900
430245,43900
430250,43900
430258,43900
430260,43900
430265,43900
430270,43900
430280,43900
430290,43900
430300,43900
430310,43900
430320,43900
430330,43900
430340,43900
430350,43900
430355,43900
430360,43900
430367,43900
430370,43900
430380,43900
430390,43900
430400,43900
430410,43900
430420,43900
430430,43900
430435,43900
430440,43900
430450,43900
430460,43900
430461,43900
430462,43900
430463,43900
430465,43900
430466,43900
430467,43900
430468,43900
430469,43900
430470,43900
430471,43900
430480,43900
430485,43900
430490,43900
430495,43900
430500,43900
430510,43900
430511,43900
430512,43900
430513,43900
430515,43900
430517,43900
430520,43900
430530,43900
430535,43900
430537,43900
430540,43900
430543,43900
430544,43900
430545,43900
430550,43900
430558,43900
430560,43900
430570,43900
430580,43900
430583,43900
430585,43900
430587,43900
430590,43900
430593,43900
430595,43900
430597,43900
430600,43900
430605,43900
430607,43900
430610,43900
430613,43900
430620,43900
430630,43900
430632,43900
430635,43900
430637,43900
430640,43900
430642,43900
430645,43900
430650,43900
430655,43900
430660,43900
430670,43900
430673,43900
430675,43900
430676,43900
430680,43900
430690,43900
430692,43900
430693,43900
430695,43900
430697,43900
430700,43900
430705,43900
430710,43900
430720,43900
430730,43900
430740,43900
430745,43900
430750,43900
430755,43900
430760,43900
430770,43900
430780,43900
430781,43900
430783,43900
430786,43900
430790,43900
430800,43900
430805,43900
430807,43900
430810,43900
430820,43900
430825,43900
430830,43900
430840,43900
430843,43900
430845,43900
430850,43900
430860,43900
430865,43900
430870,43900
430880,43900
430885,43900
430890,43900
430900,43900
430905,43900
430910,43900
430912,43900
430915,43900
430920,43900
430925,43900
430930,43900
430940,43900
430950,43900
430955,43900
430957,43900
430960,43900
430965,43900
430970,43900
430975,43900
430980,43900
430990,43900
430995,43900
431000,43900
431010,43900
431020,43900
431030,43900
431033,43900
431036,43900
431040,43900
431041,43900
431043,43900
431046,43900
431050,43900
431053,43900
431055,43900
431057,43900
431060,43900
431065,43900
431070,43900
431075,43900
431080,43900
431085,43900
431087,43900
431090,43900
431100,43900
431110,43900
431112,43900
431113,43900
431115,43900
431120,43900
431123,43900
431125,43900
431127,43900
431130,43900
431140,43900
431142,43900
431150,43900
431160,43900
431162,43900
431164,43900
431170,43900
431171,43900
431173,43900
431175,43900
431177,43900
431179,43900
431180,43900
431190,43900
431198,43900
431200,43900
431205,43900
431210,43900
431213,43900
431215,43900
431217,43900
431220,43900
431225,43900
431230,43900
431235,43900
431237,43900
431238,43900
431240,43900
431242,43900
431244,43900
431245,43900
431247,43900
431250,43900
431260,43900
431261,43900
431262,43900
431265,43900
431267,43900
431270,43900
431275,43900
431280,43900
431290,43900
431295,43900
431300,43900
431301,43900
431303,43900
431306,43900
431308,43900
431310,43900
431320,43900
431330,43900
431333,43900
431335,43900
431337,43900
431339,43900
431340,43900
431342,43900
431344,43900
431346,43900
431349,43900
431350,43900
431360,43900
431365,43900
431370,43900
431380,43900
431390,43900
431395,43900
431400,43900
431402,43900
431403,43900
431405,43900
431406,43900
431407,43900
431410,43900
431413,43900
431415,43900
431417,43900
431420,43900
431430,43900
431440,43900
431442,43900
431445,43900
431446,43900
431447,43900
431449,43900
431450,43900
431454,43900
431455,43900
431460,43900
431470,43900
431475,43900
431477,43900
431478,43900
431480,43900
431490,43900
431500,43900
431505,43900
431507,43900
431510,43900
431513,43900
431514,43900
431515,43900
431517,43900
431520,43900
431530,43900
431531,43900
431532,43900
431535,43900
431540,43900
431545,43900
431550,43900
431555,43900
431560,43900
431570,43900
431575,43900
431580,43900
431590,43900
431595,43900
431600,43900
431610,43900
431620,43900
431630,43900
431640,43900
431642,43900
431643,43900
431645,43900
431647,43900
431650,43900
431660,43900
431670,43900
431673,43900
431675,43900
431680,43900
431690,43900
431695,43900
431697,43900
431700,43900
431710,43900
431720,43900
431725,43900
431730,43900
431740,43900
431750,43900
431755,43900
431760,43900
431770,43900
431775,43900
431780,43900
431790,43900
431795,43900
431800,43900
431805,43900
431810,43900
431820,43900
431830,43900
431840,43900
431842,43900
431843,43900
431844,43900
431845,43900
431846,43900
431848,43900
431849,43900
431850,43900
431860,43900
431861,43900
431862,43900
431870,43900
431880,43900
431890,43900
431900,43900
431910,43900
431912,43900
431915,43900
431920,43900
431930,43900
431935,43900
431936,43900
431937,43900
431940,43900
431950,43900
431960,43900
431970,43900
431971,43900
431973,43900
431975,43900
431980,43900
431990,43900
432000,43900
432010,43900
432020,43900
432023,43900
432026,43900
432030,43900
432032,43900
432035,43900
432040,43900
432045,43900
432050,43900
432055,43900
432057,43900
432060,43900
432065,43900
432067,43900
432070,43900
432080,43900
432085,43900
432090,43900
432100,43900
432110,43900
432120,43900
432130,43900
432132,43900
432135,43900
432140,43900
432143,43900
432145,43900
432146,43900
432147,43900
432149,43900
432150,43900
432160,43900
432162,43900
432163,43900
432166,43900
432170,43900
432180,43900
432183,43900
432185,43900
432190,43900
432195,43900
432200,43900
432210,43900
432215,43900
432218,43900
432220,43900
432225,43900
432230,43900
432232,43900
432234,43900
432235,43900
432237,43900
432240,43900
432250,43900
432252,43900
432253,43900
432254,43900
432255,43900
432260,43900
432270,43900
432280,43900
432285,43900
432290,43900
432300,43900
432310,43900
432320,43900
432330,43900
432335,43900
432340,43900
432345,43900
432350,43900
432360,43900
432370,43900
432375,43900
432377,43900
432380,43900
500000,50000
500020,50042
500025,50013
500060,50034
500070,50011
500080,50033
500085,50033
500090,50034
500100,50041
500110,50011
500124,50034
500150,50012
500190,50042
500200,50033
500210,50014
500215,50011
500220,50014
500230,50042
500240,50031
500260,50012
500270,50012
500280,50014
500290,50041
500295,50012
500310,50012
500315,50034
500320,50021
500325,50012
500330,50013
500345,50031
500348,50011
500350,50031
500370,50031
500375,50032
500380,50031
500390,50012
500400,50031
500410,50014
500430,50032
500440,50041
500450,50031
500460,50032
500470,50033
500480,50032
500490,50012
500500,50014
500510,50031
500515,50032
500520,50021
500525,50031
500540,50012
500560,50011
500568,50032
500570,50032
500580,50011
500600,50012
500620,50033
500625,50033
500627,50012
500630,50041
500635,50034
500640,50013
500660,50034
500690,50014
500710,50012
500720,50031
500730,50012
500740,50013
500750,50012
500755,50042
500769,50012
500770,50034
500780,50042
500790,50012
500793,50013
500795,50034
500797,50033
500800,50012
500830,50042
500840,50031
510000,51000
510010,51900
510020,51900
510025,51900
510030,51900
510035,51900
510040,51900
510050,51900
510060,51900
510080,51900
510100,51900
510120,51900
510125,51900
510130,51900
510140,51900
510160,51900
510170,51900
510180,51900
510183,51900
510185,51900
510190,51900
510250,51900
510260,51900
510263,51900
510267,51900
510268,51900
510269,51900
510270,51900
510279,51900
510285,51900
510300,51900
510305,51900
510310,51900
510320,51900
510325,51900
510330,51900
510335,51900
510336,51900
510337,51900
510340,51900
510343,51900
510345,51900
510350,51900
510360,51900
510370,51900
510380,51900
510385,51900
510390,51900
510395,51900
510410,51900
510420,51900
510450,51900
510452,51900
510454,51900
510455,51900
510460,51900
510480,51900
510490,51900
510500,51900
510510,51900
510515,51900
510517,51900
510520,51900
510523,51900
510525,51900
510530,51900
510550,51900
510558,51900
510560,51900
510562,51900
510590,51900
510600,51900
510610,51900
510615,51900
510617,51900
510618,51900
510619,51900
510620,51900
510621,51900
510622,51900
510623,51900
510624,51900
510625,51900
510626,51900
510627,51900
510628,51900
510629,51900
510630,51900
510631,51900
510637,51900
510642,51900
510645,51900
510650,51900
510665,51900
510670,51900
510675,51900
510677,51900
510680,51900
510682,51900
510685,51900
510700,51900
510704,51900
510706,51900
510710,51900
510715,51900
510718,51900
510719,51900
510720,51900
510724,51900
510726,51900
510729,51900
510730,51900
510735,51900
510740,51900
510757,51900
510760,51900
510770,51900
510774,51900
510775,51900
510776,51900
510777,51900
510779,51900
510780,51900
510785,51900
510787,51900
510788,51900
510790,51900
510792,51900
510794,51900
510795,51900
510800,51900
510805,51900
510810,51900
510820,51900
510830,51900
510835,51900
510840,51900
510850,51900
510860,51900
510880,51900
510885,51900
510890,51900
510895,51900
520000,52000
520005,52900
520010,52900
520013,52900
520015,52900
520017,52900
520020,52900
520025,52900
520030,52900
520050,52900
520055,52900
520060,52900
520080,52900
520082,52900
520085,52900
520090,52900
520110,52900
520120,52900
520130,52900
520140,52900
520145,52900
520150,52900
520160,52900
520170,52900
520180,52900
520215,52900
520235,52900
520250,52900
520260,52900
520280,52900
520310,52900
520320,52900
520330,52900
520340,52900
520350,52900
520355,52900
520357,52900
520360,52900
520380,52900
520390,52900
520393,52900
520396,52900
520400,52900
520410,52900
520420,52900
520425,52900
520430,52900
520440,52900
520450,52900
520455,52900
520460,52900
520465,52900
520470,52900
520480,52900
520485,52900
520490,52900
520495,52900
520500,52900
520505,52900
520510,52900
520520,52900
520530,52900
520540,52900
520545,52900
520547,52900
520549,52900
520551,52900
520552,52900
520570,52900
520580,52900
520590,52900
520620,52900
520630,52900
520640,52900
520650,52900
520660,52900
520670,52900
520680,52900
520690,52900
520710,52900
520725,52900
520735,52900
520740,52900
520750,52900
520753,52900
520760,52900
520780,52900
520790,52900
520800,52900
520810,52900
520815,52900
520830,52900
520840,52900
520850,52900
520860,52900
520870,52900
520880,52900
520890,52900
520910,52900
520915,52900
520920,52900
520929,52900
520940,52900
520945,52900
520960,52900
520970,52900
520980,52900
520990,52900
520993,52900
520995,52900
521000,52900
521010,52900
521015,52900
521020,52900
521030,52900
521040,52900
521056,52900
521060,52900
521080,52900
521090,52900
521100,52900
521120,52900
521130,52900
521140,52900
521150,52900
521160,52900
521170,52900
521180,52900
521190,52900
521200,52900
521205,52900
521210,52900
521220,52900
521225,52900
521230,52900
521250,52900
521260,52900
521270,52900
521280,52900
521290,52900
521295,52900
521300,52900
521305,52900
521308,52900
521310,52900
521340,52900
521350,52900
521370,52900
521375,52900
521377,52900
521380,52900
521385,52900
521390,52900
521400,52900
521405,52900
521410,52900
521440,52900
521450,52900
521460,52900
521470,52900
521480,52900
521483,52900
521486,52900
521487,52900
521490,52900
521500,52900
521520,52900
521523,52900
521525,52900
521530,52900
521540,52900
521550,52900
521560,52900
521565,52900
521570,52900
521580,52900
521590,52900
521600,52900
521630,52900
521640,52900
521645,52900
521680,52900
521690,52900
521710,52900
521720,52900
521730,52900
521740,52900
521760,52900
521770,52900
521800,52900
521805,52900
521810,52900
521830,52900
521839,52900
521850,52900
521860,52900
521870,52900
521878,52900
521880,52900
521890,52900
521900,52900
521910,52900
521920,52900
521925,52900
521930,52900
521935,52900
521940,52900
521945,52900
521950,52900
521960,52900
521970,52900
521971,52900
521973,52900
521975,52900
521980,52900
521990,52900
522000,52900
522005,52900
522010,52900
522015,52900
522020,52900
522026,52900
522028,52900
522040,52900
522045,52900
522050,52900
522060,52900
522068,52900
522070,52900
522100,52900
522108,52900
522119,52900
522130,52900
522140,52900
522145,52900
522150,52900
522155,52900
522157,52900
522160,52900
522170,52900
522180,52900
522185,52900
522190,52900
522200,52900
522205,52900
522220,52900
522230,52900
530010,53001
