CO_MUNICIP,CO_MACSAUD
000000,0000
110000,1100
110001,1101
110002,1102
110003,1101
110004,1101
110005,1101
110006,1101
110007,1101
110008,1101
110009,1101
110010,1102
110011,1102
110012,1101
110013,1102
110014,1101
110015,1101
110018,1101
110020,1102
110025,1101
110026,1102
110028,1101
110029,1101
110030,1101
110032,1101
110033,1102
110034,1101
110037,1101
110040,1102
110045,1102
110050,1101
110060,1102
110070,1102
110080,1102
110090,1101
110092,1101
110094,1102
110100,1102
110110,1102
110120,1101
110130,1101
110140,1102
110143,1101
110145,1101
110146,1101
110147,1101
110148,1101
110149,1101
110150,1101
110155,1101
110160,1102
110170,1101
110175,1102
110180,1101
120000,1200
120001,1201
120005,1201
120010,1201
120013,1201
120017,1201
120020,1201
120025,1201
120030,1201
120032,1201
120033,1201
120034,1201
120035,1201
120038,1201
120039,1201
120040,1201
120042,1201
120043,1201
120045,1201
120050,1201
120060,1201
120070,1201
120080,1201
130000,1300
130002,1302
130006,1302
130008,1304
130010,1304
130014,1303
130020,1302
130030,1304
130040,1304
130050,1303
130060,1302
130063,1304
130068,1303
130070,1304
130080,1303
130083,1304
130090,1304
130100,1302
130110,1304
130115,1304
130120,1304
130130,1304
130140,1302
130150,1302
130160,1302
130165,1302
130170,1303
130180,1302
130185,1304
130190,1303
130195,1302
130200,1303
130210,1302
130220,1302
130230,1302
130240,1304
130250,1304
130255,1304
130260,1304
130270,1303
130280,1302
130290,1303
130300,1303
130310,1304
130320,1304
130330,1303
130340,1303
130350,1304
130353,1304
130356,1304
130360,1304
130370,1302
130380,1304
130390,1302
130395,1303
130400,1303
130406,1302
130410,1304
130420,1302
130423,1302
130426,1302
130430,1303
130440,1303
140000,1400
140002,1401
140005,1401
140010,1401
140015,1401
140017,1401
140020,1401
140023,1401
140028,1401
140030,1401
140040,1401
140045,1401
140047,1401
140050,1401
140060,1401
140070,1401
150000,1500
150010,1512
150013,1509
150020,1511
150030,1512
150034,1509
150040,1510
150050,1510
150060,1510
150070,1512
150080,1512
150085,1510
150090,1511
150095,1511
150100,1510
150110,1512
150120,1512
150125,1509
150130,1512
150140,1512
150145,1510
150150,1512
150157,1509
150160,1511
150170,1511
150172,1510
150175,1509
150178,1509
150180,1512
150190,1511
150195,1511
150200,1512
150210,1512
150215,1509
150220,1511
150230,1511
150240,1511
150250,1512
150260,1511
150270,1509
150275,1511
150276,1509
150277,1509
150280,1512
150285,1510
150290,1511
150293,1509
150295,1509
150300,1510
150304,1509
150307,1511
150309,1509
150310,1512
150320,1511
150330,1512
150340,1511
150345,1511
150350,1511
150360,1510
150370,1509
150375,1510
150380,1509
150390,1510
150400,1512
150405,1511
150410,1511
150420,1509
150430,1511
150440,1511
150442,1512
150445,1510
150450,1512
150460,1512
150470,1512
150475,1510
150480,1510
150490,1512
150495,1511
150497,1509
150500,1511
150503,1510
150506,1509
150510,1510
150520,1512
150530,1510
150540,1511
150543,1509
150548,1510
150549,1509
150550,1511
150553,1509
150555,1509
150560,1511
150563,1509
150565,1510
150570,1512
150580,1512
150590,1510
150600,1510
150610,1511
150611,1511
150613,1509
150616,1509
150618,1509
150619,1510
150620,1511
150630,1512
150635,1512
150640,1512
150650,1511
150655,1511
150658,1509
150660,1511
150670,1509
150680,1510
150690,1511
150700,1511
150710,1511
150715,1509
150720,1511
150730,1509
150740,1511
150745,1509
150746,1511
150747,1511
150750,1509
150760,1511
150770,1512
150775,1509
150780,1510
150790,1512
150795,1512
150796,1511
150797,1510
150800,1511
150803,1511
150805,1510
150808,1509
150810,1509
150812,1511
150815,1510
150820,1511
150830,1511
150835,1510
150840,1509
160000,1600
160005,1601
160010,1601
160015,1601
160020,1601
160021,1601
160023,1601
160025,1601
160027,1601
160030,1601
160040,1601
160050,1601
160053,1601
160055,1601
160060,1601
160070,1601
160080,1601
170000,1700
170025,1702
170030,1701
170035,1702
170040,1702
170070,1702
170100,1701
170105,1701
170110,1702
170130,1701
170190,1702
170200,1702
170210,1701
170215,1701
170220,1701
170230,1701
170240,1702
170255,1701
170270,1702
170290,1701
170300,1701
170305,1701
170307,1701
170310,1702
170320,1701
170330,1701
170360,1701
170370,1702
170380,1701
170382,1701
170384,1701
170386,1702
170388,1701
170389,1701
170390,1702
170410,1701
170460,1702
170510,1702
170550,1701
170555,1702
170560,1702
170600,1701
170610,1702
170625,1702
170650,1701
170700,1702
170710,1702
170720,1702
170730,1702
170740,1701
170755,1702
170765,1702
170770,1701
170820,1702
170825,1702
170830,1701
170900,1701
170930,1701
170950,1702
170980,1702
171050,1701
171070,1701
171090,1701
171110,1701
171150,1702
171180,1701
171190,1702
171195,1702
171200,1702
171215,1702
171240,1702
171245,1701
171250,1702
171270,1702
171280,1701
171320,1702
171330,1702
171360,1702
171370,1702
171380,1701
171395,1701
171420,1702
171430,1701
171488,1701
171500,1702
171510,1702
171515,1702
171525,1702
171550,1702
171570,1701
171575,1702
171610,1702
171620,1702
171630,1701
171650,1701
171660,1702
171665,1701
171670,1701
171700,1702
171720,1701
171750,1702
171780,1702
171790,1702
171800,1702
171820,1702
171830,1701
171840,1701
171845,1702
171850,1701
171855,1701
171865,1702
171870,1702
171875,1702
171880,1701
171884,1702
171886,1701
171888,1701
171889,1702
171890,1702
171900,1702
172000,1701
172010,1701
172015,1702
172020,1701
172025,1702
172030,1701
172049,1702
172065,1702
172080,1701
172085,1702
172090,1702
172093,1702
172097,1702
172100,1702
172110,1702
172120,1701
172125,1701
172130,1701
172208,1701
172210,1701
210000,2100
210005,2109
210010,2111
210015,2110
210020,2110
210030,2111
210040,2110
210043,2111
210047,2110
210050,2109
210055,2110
210060,2109
210070,2110
210080,2110
210083,2110
210087,2110
210090,2110
210095,2109
210100,2110
210110,2110
210120,2110
210125,2110
210130,2110
210135,2110
210140,2109
210150,2111
210160,2109
210170,2110
210173,2110
210177,2110
210180,2111
210190,2110
210193,2111
210197,2110
210200,2110
210203,2109
210207,2110
210210,2110
210215,2110
210220,2111
210230,2111
210232,2109
210235,2109
210237,2110
210240,2110
210250,2110
210255,2109
210260,2110
210270,2110
210275,2111
210280,2109
210290,2110
210300,2111
210310,2110
210312,2110
210315,2110
210317,2110
210320,2110
210325,2109
210330,2111
210340,2111
210350,2111
210355,2110
210360,2111
210370,2110
210375,2109
210380,2111
210390,2111
210400,2111
210405,2109
210407,2109
210408,2109
210409,2109
210410,2109
210420,2111
210430,2110
210440,2111
210450,2111
210455,2109
210460,2111
210462,2111
210465,2110
210467,2110
210470,2111
210480,2109
210490,2110
210500,2110
210510,2110
210515,2110
210520,2111
210530,2109
210535,2109
210540,2110
210542,2109
210545,2111
210547,2109
210550,2109
210560,2111
210565,2110
210570,2111
210580,2111
210590,2110
210592,2111
210594,2111
210596,2111
210598,2109
210600,2111
210610,2109
210620,2110
210630,2110
210632,2110
210635,2110
210637,2110
210640,2110
210650,2110
210660,2111
210663,2110
210667,2110
210670,2111
210675,2110
210680,2110
210690,2110
210700,2109
210710,2110
210720,2110
210725,2109
210730,2111
210735,2110
210740,2110
210745,2110
210750,2110
210760,2110
210770,2111
210780,2111
210790,2111
210800,2111
210805,2110
210810,2110
210820,2111
210825,2110
210830,2110
210840,2110
210845,2111
210850,2110
210860,2110
210870,2110
210880,2110
210890,2111
210900,2109
210905,2110
210910,2111
210920,2110
210923,2110
210927,2110
210930,2110
210940,2110
210945,2110
210950,2109
210955,2109
210960,2110
210970,2109
210975,2111
210980,2110
210990,2110
211000,2110
211003,2110
211010,2110
211020,2110
211023,2110
211027,2110
211030,2111
211040,2110
211050,2110
211060,2110
211065,2111
211070,2111
211080,2109
211085,2109
211090,2111
211100,2110
211102,2110
211105,2109
211107,2111
211110,2111
211120,2110
211125,2111
211130,2110
211140,2110
211150,2111
211153,2109
211157,2109
211160,2109
211163,2111
211167,2111
211170,2110
211172,2110
211174,2111
211176,2109
211178,2110
211180,2109
211190,2111
211195,2111
211200,2109
211210,2111
211220,2111
211223,2111
211227,2110
211230,2111
211240,2110
211245,2110
211250,2110
211260,2110
211270,2110
211280,2110
211285,2109
211290,2110
211300,2110
211400,2110
220000,2200
220005,2207
220010,2208
220020,2208
220025,2207
220027,2207
220030,2208
220040,2208
220045,2210
220050,2208
220060,2208
220070,2210
220080,2210
220090,2207
220095,2207
220100,2210
220105,2208
220110,2210
220115,2210
220117,2207
220120,2209
220130,2210
220140,2208
220150,2209
220155,2207
220157,2207
220160,2208
220170,2210
220173,2207
220177,2208
220180,2207
220190,2210
220191,2209
220192,2210
220194,2208
220196,2209
220198,2210
220200,2209
220202,2208
220205,2208
220207,2207
220208,2209
220209,2207
220210,2207
220211,2210
220213,2207
220217,2209
220220,2208
220225,2210
220230,2210
220240,2209
220245,2210
220250,2210
220253,2209
220255,2207
220260,2208
220265,2209
220270,2209
220271,2208
220272,2209
220273,2208
220275,2210
220277,2207
220280,2207
220285,2210
220290,2210
220300,2210
220310,2210
220320,2210
220323,2210
220325,2208
220327,2207
220330,2208
220335,2210
220340,2207
220342,2209
220345,2210
220350,2207
220360,2210
220370,2209
220375,2210
220380,2210
220385,2207
220390,2210
220400,2207
220410,2210
220415,2207
220420,2207
220430,2207
220435,2207
220440,2210
220450,2210
220455,2210
220460,2208
220465,2209
220470,2207
220480,2207
220490,2207
220500,2207
220510,2210
220515,2207
220520,2207
220525,2208
220527,2208
220530,2210
220535,2210
220540,2209
220545,2209
220550,2208
220551,2208
220552,2210
220553,2210
220554,2208
220555,2208
220556,2210
220557,2209
220558,2208
220559,2207
220560,2210
220570,2209
220580,2209
220585,2209
220590,2210
220595,2207
220600,2210
220605,2207
220610,2209
220620,2208
220630,2208
220635,2209
220640,2208
220650,2207
220660,2210
220665,2210
220667,2209
220669,2209
220670,2210
220672,2208
220675,2208
220680,2209
220690,2207
220695,2208
220700,2207
220710,2208
220720,2207
220730,2210
220735,2210
220740,2210
220750,2208
220755,2207
220760,2210
220770,2209
220775,2208
220777,2207
220779,2208
220780,2207
220785,2210
220790,2209
220793,2210
220795,2210
220800,2207
220810,2207
220820,2207
220830,2209
220840,2209
220850,2209
220855,2210
220860,2207
220865,2207
220870,2210
220880,2208
220885,2210
220887,2210
220890,2210
220900,2210
220910,2207
220915,2207
220920,2210
220930,2210
220935,2207
220937,2207
220940,2207
220945,2208
220950,2207
220955,2210
220960,2207
220965,2207
220970,2210
220975,2210
220980,2208
220985,2207
220987,2209
220990,2208
220995,2207
220997,2209
221000,2210
221005,2209
221010,2210
221020,2207
221030,2207
221035,2210
221037,2207
221038,2207
221039,2210
221040,2208
221050,2208
221060,2210
221062,2210
221063,2210
221065,2208
221070,2207
221080,2207
221090,2210
221093,2207
221095,2210
221097,2207
221100,2208
221110,2208
221120,2210
221130,2207
221135,2210
221140,2207
221150,2207
221160,2207
221170,2207
230000,2300
230010,2308
230015,2310
230020,2309
230030,2308
230040,2307
230050,2309
230060,2308
230070,2306
230075,2310
230080,2308
230090,2310
230100,2310
230110,2306
230120,2310
230125,2309
230130,2308
230140,2310
230150,2307
230160,2308
230170,2308
230180,2308
230185,2307
230190,2308
230195,2310
230200,2308
230205,2309
230210,2310
230220,2310
230230,2309
230240,2307
230250,2308
230260,2309
230270,2308
230280,2307
230290,2310
230300,2307
230310,2309
230320,2308
230330,2308
230340,2309
230350,2310
230360,2308
230365,2309
230370,2310
230380,2308
230390,2309
230393,2307
230395,2310
230400,2309
230410,2309
230420,2308
230423,2309
230425,2309
230426,2308
230427,2306
230428,2310
230430,2308
230435,2309
230440,2310
230445,2306
230450,2309
230460,2310
230465,2309
230470,2309
230480,2308
230490,2309
230495,2310
230500,2309
230510,2310
230520,2309
230523,2310
230526,2307
230530,2309
230533,2307
230535,2306
230540,2308
230550,2308
230560,2309
230565,2309
230570,2308
230580,2309
230590,2309
230600,2306
230610,2309
230620,2306
230625,2310
230630,2310
230640,2310
230650,2310
230655,2309
230660,2307
230670,2306
230680,2306
230690,2306
230700,2306
230710,2308
230720,2308
230725,2309
230730,2308
230740,2308
230750,2308
230760,2306
230763,2307
230765,2310
230770,2310
230780,2309
230790,2309
230800,2309
230810,2308
230820,2309
230830,2308
230835,2307
230837,2310
230840,2308
230850,2308
230860,2309
230870,2306
230880,2309
230890,2309
230900,2309
230910,2310
230920,2308
230930,2309
230940,2309
230945,2310
230950,2308
230960,2310
230970,2310
230980,2310
230990,2309
231000,2306
231010,2310
231020,2310
231025,2310
231030,2307
231040,2307
231050,2307
231060,2308
231070,2310
231080,2306
231085,2310
231090,2308
231095,2309
231100,2309
231110,2308
231120,2308
231123,2306
231126,2309
231130,2307
231135,2308
231140,2307
231150,2306
231160,2310
231170,2309
231180,2306
231190,2308
231195,2308
231200,2309
231210,2308
231220,2309
231230,2309
231240,2310
231250,2306
231260,2310
231270,2307
231280,2309
231290,2309
231300,2307
231310,2306
231320,2309
231325,2308
231330,2307
231335,2310
231340,2309
231350,2310
231355,2310
231360,2309
231370,2308
231375,2310
231380,2310
231390,2309
231395,2309
231400,2308
231410,2309
240000,2400
240010,2402
240020,2401
240030,2402
240040,2401
240050,2401
240060,2401
240070,2401
240080,2401
240090,2401
240100,2401
240110,2401
240120,2402
240130,2401
240140,2402
240145,2401
240150,2402
240160,2402
240165,2402
240170,2402
240180,2402
240185,2402
240190,2402
240200,2402
240210,2402
240220,2402
240230,2401
240240,2402
240250,2401
240260,2402
240270,2402
240280,2402
240290,2401
240300,2402
240310,2402
240320,2401
240325,2402
240330,2401
240340,2402
240350,2402
240360,2402
240370,2401
240375,2401
240380,2402
240390,2401
240400,2401
240410,2402
240420,2402
240430,2401
240440,2401
240450,2402
240460,2402
240470,2401
240480,2402
240485,2401
240490,2401
240500,2402
240510,2402
240520,2401
240530,2402
240540,2402
240550,2402
240560,2402
240570,2402
240580,2402
240590,2401
240600,2401
240610,2402
240615,2402
240620,2402
240630,2402
240640,2402
240650,2402
240660,2402
240670,2402
240680,2402
240690,2401
240700,2401
240710,2402
240720,2402
240725,2401
240730,2401
240740,2401
240750,2402
240760,2401
240770,2402
240780,2402
240790,2402
240800,2401
240810,2402
240820,2402
240830,2402
240840,2401
240850,2402
240860,2401
240870,2401
240880,2402
240890,2402
240895,2402
240910,2402
240920,2402
240930,2401
240933,2402
240940,2401
240950,2402
240960,2402
240970,2402
240980,2402
240990,2401
241000,2401
241010,2402
241020,2401
241025,2401
241030,2402
241040,2402
241050,2401
241060,2401
241070,2401
241080,2401
241090,2402
241100,2401
241105,2401
241110,2402
241120,2402
241140,2402
241142,2402
241150,2402
241160,2402
241170,2402
241180,2402
241190,2401
241200,2402
241210,2402
241220,2402
241230,2402
241240,2402
241250,2401
241255,2402
241260,2402
241270,2402
241280,2401
241290,2402
241300,2402
241310,2402
241320,2402
241330,2402
241335,2401
241340,2402
241350,2402
241355,2401
241360,2401
241370,2402
241380,2401
241390,2402
241400,2402
241410,2401
241415,2402
241420,2402
241430,2402
241440,2402
241445,2401
241450,2401
241460,2401
241470,2402
241475,2401
241480,2402
241490,2401
241500,2402
250000,2500
250010,2501
250020,2501
250030,2502
250040,2502
250050,2503
250053,2502
250057,2502
250060,2503
250070,2501
250073,2502
250077,2501
250080,2503
250090,2502
250100,2503
250110,2502
250115,2501
250120,2502
250130,2502
250135,2502
250140,2503
250150,2503
250153,2502
250157,2502
250160,2502
250170,2502
250180,2503
250190,2503
250200,2501
250205,2501
250210,2501
250215,2502
250220,2501
250230,2501
250240,2501
250250,2502
250260,2501
250270,2503
250280,2501
250290,2501
250300,2503
250310,2502
250320,2503
250330,2501
250340,2501
250350,2503
250355,2501
250360,2503
250370,2501
250375,2501
250380,2503
250390,2502
250400,2502
250403,2503
250407,2502
250410,2501
250415,2503
250420,2501
250430,2501
250435,2502
250440,2501
250450,2501
250460,2503
250470,2502
250480,2501
250485,2502
250490,2503
250500,2502
250510,2502
250520,2503
250523,2503
250527,2503
250530,2501
250535,2502
250540,2501
250550,2501
250560,2501
250570,2503
250580,2503
250590,2501
250600,2502
250610,2502
250620,2502
250625,2502
250630,2503
250640,2503
250650,2502
250660,2501
250670,2501
250680,2503
250690,2503
250700,2501
250710,2503
250720,2503
250730,2503
250740,2501
250750,2503
250760,2503
250770,2502
250780,2501
250790,2503
250800,2501
250810,2501
250820,2503
250830,2502
250840,2501
250850,2502
250855,2503
250860,2503
250870,2501
250880,2501
250890,2503
250900,2501
250905,2503
250910,2503
250915,2501
250920,2502
250930,2503
250933,2502
250937,2501
250939,2501
250940,2503
250950,2502
250960,2501
250970,2502
250980,2503
250990,2502
251000,2501
251010,2502
251020,2501
251030,2502
251040,2501
251050,2502
251060,2502
251065,2502
251070,2501
251080,2501
251090,2501
251100,2501
251110,2502
251120,2503
251130,2501
251140,2502
251150,2503
251160,2503
251170,2503
251180,2503
251190,2503
251200,2502
251203,2501
251207,2501
251210,2501
251220,2502
251230,2501
251240,2502
251250,2502
251260,2501
251270,2502
251272,2503
251274,2503
251275,2503
251276,2503
251278,2502
251280,2501
251290,2503
251300,2501
251310,2503
251315,2502
251320,2501
251330,2501
251335,2501
251340,2501
251350,2501
251360,2501
251365,2501
251370,2503
251380,2501
251385,2502
251390,2501
251392,2501
251394,2502
251396,2501
251398,2501
251400,2502
251410,2502
251420,2501
251430,2501
251440,2501
251445,2503
251450,2501
251455,2501
251460,2501
251465,2501
251470,2501
251480,2502
251490,2501
251500,2503
251510,2502
251520,2502
251530,2503
251540,2502
251550,2502
251560,2503
251570,2501
251580,2502
251590,2503
251593,2503
251597,2503
251600,2503
251610,2502
251615,2502
251620,2501
251630,2502
251640,2503
251650,2502
251660,2501
251670,2501
251675,2502
251680,2501
251690,2501
251700,2502
251710,2501
251720,2501
251740,2502
260000,2600
260005,2607
260010,2606
260020,2605
260030,2608
260040,2607
260050,2608
260060,2608
260070,2607
260080,2608
260090,2607
260100,2608
260105,2607
260110,2605
260120,2606
260130,2608
260140,2607
260150,2607
260160,2605
260170,2608
260180,2606
260190,2608
260200,2605
260210,2608
260220,2607
260230,2608
260240,2608
260250,2606
260260,2608
260270,2607
260280,2606
260290,2607
260300,2605
260310,2608
260320,2608
260330,2608
260340,2606
260345,2607
260350,2608
260360,2607
260370,2608
260380,2608
260390,2606
260392,2606
260400,2607
260410,2608
260415,2607
260420,2607
260430,2605
260440,2607
260450,2607
260460,2607
260470,2608
260480,2607
260490,2607
260500,2608
260510,2606
260515,2605
260520,2607
260530,2605
260540,2607
260545,2607
260550,2607
260560,2606
260570,2606
260580,2608
260590,2607
260600,2608
260610,2607
260620,2607
260630,2605
260640,2608
260650,2608
260660,2606
260670,2608
260680,2607
260690,2606
260700,2606
260710,2606
260720,2607
260730,2605
260740,2606
260750,2608
260760,2607
260765,2607
260770,2606
260775,2607
260780,2607
260790,2607
260795,2607
260800,2608
260805,2606
260810,2607
260820,2607
260825,2608
260830,2608
260840,2608
260845,2607
260850,2607
260860,2608
260870,2607
260875,2605
260880,2608
260890,2607
260900,2607
260910,2607
260915,2606
260920,2607
260930,2605
260940,2607
260950,2607
260960,2607
260970,2607
260980,2605
260990,2605
261000,2607
261010,2608
261020,2608
261030,2608
261040,2605
261050,2607
261060,2607
261070,2607
261080,2606
261090,2608
261100,2606
261110,2605
261120,2608
261130,2607
261140,2607
261150,2607
261153,2606
261160,2607
261170,2608
261180,2607
261190,2607
261200,2608
261210,2607
261220,2605
261230,2608
261240,2608
261245,2605
261247,2606
261250,2608
261255,2605
261260,2605
261270,2608
261280,2606
261290,2607
261300,2608
261310,2608
261320,2608
261330,2608
261340,2607
261350,2606
261360,2606
261370,2607
261380,2607
261390,2606
261400,2605
261410,2606
261420,2607
261430,2605
261440,2606
261450,2607
261460,2606
261470,2608
261480,2606
261485,2607
261500,2608
261510,2608
261520,2605
261530,2607
261540,2608
261550,2607
261560,2605
261570,2606
261580,2606
261590,2606
261600,2606
261610,2605
261618,2607
261620,2608
261630,2607
261640,2607
261650,2607
270000,2700
270010,2703
270020,2704
270030,2703
270040,2704
270050,2704
270060,2704
270070,2703
270080,2703
270090,2703
270100,2704
270110,2704
270120,2703
270130,2704
270135,2704
270140,2704
270150,2703
270160,2703
270170,2704
270180,2703
270190,2704
270200,2703
270210,2704
270220,2704
270230,2704
270235,2703
270240,2703
270250,2703
270255,2703
270260,2703
270270,2704
270280,2704
270290,2703
270300,2704
270310,2703
270320,2704
270330,2703
270340,2703
270350,2704
270360,2704
270370,2703
270375,2704
270380,2704
270390,2704
270400,2704
270410,2703
270420,2703
270430,2704
270440,2703
270450,2704
270460,2703
270470,2704
270480,2703
270490,2704
270500,2703
270510,2704
270520,2704
270530,2703
270540,2703
270550,2704
270560,2704
270570,2703
270580,2703
270590,2703
270600,2703
270610,2703
270620,2703
270630,2703
270640,2703
270642,2703
270644,2704
270650,2704
270660,2704
270670,2704
270680,2704
270690,2704
270700,2704
270710,2703
270720,2703
270730,2704
270740,2704
270750,2704
270760,2704
270770,2704
270780,2704
270790,2704
270800,2703
270810,2704
270820,2704
270830,2704
270840,2703
270850,2704
270860,2704
270870,2704
270880,2703
270890,2704
270895,2703
270900,2703
270910,2703
270915,2704
270920,2703
270930,2704
270940,2704
280000,2800
280010,2801
280020,2801
280030,2801
280040,2801
280050,2801
280060,2801
280067,2801
280070,2801
280100,2801
280110,2801
280120,2801
280130,2801
280140,2801
280150,2801
280160,2801
280170,2801
280190,2801
280200,2801
280210,2801
280220,2801
280230,2801
280240,2801
280250,2801
280260,2801
280270,2801
280280,2801
280290,2801
280300,2801
280310,2801
280320,2801
280330,2801
280340,2801
280350,2801
280360,2801
280370,2801
280380,2801
280390,2801
280400,2801
280410,2801
280420,2801
280430,2801
280440,2801
280445,2801
280450,2801
280460,2801
280470,2801
280480,2801
280490,2801
280500,2801
280510,2801
280520,2801
280530,2801
280540,2801
280550,2801
280560,2801
280570,2801
280580,2801
280590,2801
280600,2801
280610,2801
280620,2801
280630,2801
280640,2801
280650,2801
280660,2801
280670,2801
280680,2801
280690,2801
280700,2801
280710,2801
280720,2801
280730,2801
280740,2801
280750,2801
280760,2801
290000,2900
290010,2917
290020,2913
290030,2914
290035,2914
290040,2917
290050,2911
290060,2910
290070,2914
290080,2916
290090,2910
290100,2915
290110,2917
290115,2918
290120,2911
290130,2917
290135,2913
290140,2912
290150,2917
290160,2914
290170,2917
290180,2913
290190,2914
290195,2910
290200,2911
290205,2914
290210,2917
290220,2914
290225,2910
290230,2915
290240,2910
290250,2912
290260,2917
290265,2914
290270,2912
290280,2911
290290,2911
290300,2918
290310,2910
290320,2912
290323,2918
290327,2917
290330,2910
290340,2916
290350,2911
290360,2917
290370,2910
290380,2917
290390,2912
290395,2911
290400,2917
290405,2917
290410,2911
290420,2911
290430,2910
290440,2912
290450,2912
290460,2911
290470,2910
290475,2912
290480,2911
290485,2915
290490,2915
290500,2911
290510,2918
290515,2911
290520,2911
290530,2918
290540,2910
290550,2918
290560,2910
290570,2915
290580,2910
290590,2913
290600,2913
290610,2912
290620,2918
290630,2910
290640,2917
290650,2915
290660,2911
290670,2911
290680,2917
290682,2913
290685,2917
290687,2918
290689,2911
290690,2916
290700,2914
290710,2911
290720,2913
290730,2915
290740,2912
290750,2914
290755,2911
290760,2918
290770,2913
290780,2914
290790,2914
290800,2910
290810,2912
290820,2915
290830,2915
290840,2917
290850,2917
290860,2915
290870,2911
290880,2911
290890,2917
290900,2911
290910,2912
290920,2914
290930,2912
290940,2912
290950,2910
290960,2914
290970,2912
290980,2915
290990,2913
291000,2910
291005,2915
291010,2911
291020,2915
291030,2915
291040,2911
291050,2914
291060,2914
291070,2917
291072,2916
291075,2914
291077,2911
291080,2917
291085,2913
291090,2911
291100,2910
291110,2912
291120,2910
291125,2917
291130,2918
291140,2913
291150,2910
291160,2915
291165,2911
291170,2911
291180,2916
291185,2914
291190,2917
291200,2911
291210,2910
291220,2911
291230,2911
291240,2918
291250,2911
291260,2917
291270,2910
291280,2916
291290,2910
291300,2917
291310,2918
291320,2912
291330,2917
291340,2911
291345,2910
291350,2911
291360,2910
291370,2914
291380,2917
291390,2910
291400,2917
291410,2912
291420,2910
291430,2910
291440,2917
291450,2917
291460,2918
291465,2916
291470,2917
291480,2910
291490,2910
291500,2917
291510,2910
291520,2910
291530,2916
291535,2918
291540,2910
291550,2910
291560,2916
291570,2910
291580,2911
291590,2914
291600,2916
291610,2915
291620,2910
291630,2916
291640,2911
291650,2914
291660,2910
291670,2910
291680,2911
291685,2915
291690,2910
291700,2913
291710,2911
291720,2911
291730,2910
291733,2911
291735,2912
291740,2911
291750,2918
291760,2910
291770,2913
291780,2915
291790,2914
291800,2910
291810,2913
291820,2915
291830,2910
291835,2918
291840,2913
291845,2916
291850,2918
291855,2910
291860,2911
291870,2910
291875,2911
291880,2915
291890,2916
291900,2917
291905,2910
291910,2917
291915,2918
291920,2915
291930,2917
291940,2911
291950,2911
291955,2912
291960,2917
291970,2911
291980,2911
291990,2913
291992,2915
291995,2911
292000,2911
292010,2918
292020,2911
292030,2911
292040,2910
292045,2912
292050,2910
292060,2915
292070,2910
292080,2917
292090,2910
292100,2915
292105,2911
292110,2916
292120,2918
292130,2915
292140,2918
292145,2911
292150,2917
292160,2912
292170,2918
292180,2911
292190,2917
292200,2916
292205,2918
292210,2917
292220,2915
292225,2912
292230,2915
292240,2915
292250,2915
292260,2910
292265,2917
292270,2911
292273,2917
292275,2910
292280,2910
292285,2917
292290,2914
292300,2916
292303,2917
292305,2914
292310,2914
292320,2912
292330,2914
292335,2918
292340,2911
292350,2917
292360,2911
292370,2912
292380,2914
292390,2910
292400,2913
292405,2917
292410,2914
292420,2913
292430,2917
292440,2913
292450,2911
292460,2913
292465,2917
292467,2910
292470,2911
292480,2918
292490,2910
292500,2911
292510,2911
292520,2915
292525,2913
292530,2916
292540,2911
292550,2916
292560,2918
292570,2911
292575,2915
292580,2917
292590,2917
292593,2918
292595,2917
292600,2913
292610,2917
292620,2912
292630,2917
292640,2911
292650,2914
292660,2914
292665,2911
292670,2911
292680,2911
292690,2911
292700,2914
292710,2913
292720,2917
292730,2915
292740,2915
292750,2917
292760,2913
292770,2916
292780,2910
292790,2910
292800,2917
292805,2910
292810,2912
292820,2912
292830,2917
292840,2912
292850,2915
292860,2915
292870,2915
292880,2917
292890,2912
292895,2917
292900,2915
292905,2912
292910,2915
292920,2915
292925,2918
292930,2917
292935,2910
292937,2918
292940,2915
292950,2915
292960,2915
292970,2914
292975,2915
292980,2918
292990,2917
293000,2911
293010,2913
293015,2912
293020,2913
293030,2912
293040,2917
293050,2917
293060,2918
293070,2915
293075,2912
293076,2914
293077,2913
293080,2917
293090,2912
293100,2911
293105,2911
293110,2917
293120,2910
293130,2918
293135,2916
293140,2917
293150,2917
293160,2915
293170,2917
293180,2911
293190,2914
293200,2913
293210,2915
293220,2910
293230,2910
293240,2918
293245,2918
293250,2910
293260,2911
293270,2910
293280,2917
293290,2910
293300,2917
293305,2918
293310,2918
293315,2918
293317,2915
293320,2915
293325,2916
293330,2911
293340,2917
293345,2912
293350,2910
293360,2918
310010,3113
310020,3103
310030,3110
310040,3110
310050,3114
310060,3106
310070,3112
310080,3105
310090,3111
310100,3111
310110,3106
310120,3101
310130,3101
310140,3115
310150,3107
310160,3116
310163,3102
310170,3111
310180,3106
310190,3116
310200,3116
310205,3110
310210,3102
310220,3106
310230,3110
310240,3104
310250,3110
310260,3115
310270,3111
310280,3107
310285,3111
310290,3102
310300,3114
310310,3107
310320,3103
310330,3107
310340,3104
310350,3113
310360,3107
310370,3110
310375,3113
310380,3109
310390,3105
310400,3112
310410,3116
310420,3105
310430,3116
310440,3107
310445,3104
310450,3109
310460,3107
310470,3111
310480,3103
310490,3101
310500,3103
310510,3105
310520,3111
310530,3116
310540,3103
310550,3107
310560,3102
310570,3110
310590,3102
310600,3103
310610,3107
310620,3103
310630,3114
310640,3103
310650,3104
310660,3111
310665,3108
310670,3103
310680,3107
310690,3107
310700,3103
310710,3101
310720,3107
310730,3108
310740,3105
310750,3107
310760,3116
310770,3103
310780,3114
310790,3115
310800,3102
310810,3103
310820,3109
310825,3108
310830,3115
310840,3116
310850,3108
310855,3109
310860,3108
310870,3107
310880,3114
310890,3115
310900,3103
310910,3115
310920,3103
310925,3114
310930,3109
310940,3108
310945,3109
310950,3116
310960,3103
310970,3115
310980,3113
310990,3103
311000,3103
311010,3107
311020,3110
311030,3115
311040,3105
311050,3115
311060,3115
311070,3101
311080,3111
311090,3101
311100,3116
311110,3113
311115,3108
311120,3105
311130,3116
311140,3112
311150,3112
311160,3116
311170,3110
311180,3113
311190,3105
311200,3105
311205,3106
311210,3107
311220,3102
311230,3104
311240,3116
311250,3103
311260,3113
311265,3106
311270,3108
311280,3116
311290,3110
311300,3111
311310,3102
311320,3102
311330,3107
311340,3114
311350,3104
311360,3115
311370,3111
311380,3103
311390,3101
311400,3105
311410,3101
311420,3105
311430,3109
311440,3116
311450,3105
311455,3112
311460,3101
311470,3116
311480,3101
311490,3102
311500,3113
311510,3116
311520,3102
311530,3107
311535,3103
311540,3102
311545,3111
311547,3108
311550,3101
311560,3103
311570,3106
311580,3113
311590,3107
311600,3110
311610,3104
311615,3109
311620,3107
311630,3102
311640,3116
311650,3108
311660,3105
311670,3107
311680,3104
311690,3112
311700,3111
311710,3116
311720,3115
311730,3112
311740,3110
311750,3104
311760,3105
311770,3101
311780,3115
311783,3108
311787,3103
311790,3115
311800,3102
311810,3104
311820,3112
311830,3102
311840,3106
311850,3115
311860,3103
311870,3101
311880,3108
311890,3103
311900,3101
311910,3103
311920,3106
311930,3113
311940,3114
311950,3104
311960,3107
311970,3102
311980,3105
311990,3115
311995,3105
312000,3114
312010,3104
312015,3111
312020,3105
312030,3108
312040,3102
312050,3101
312060,3103
312070,3109
312080,3101
312083,3106
312087,3108
312090,3103
312100,3104
312110,3115
312120,3116
312125,3112
312130,3107
312140,3102
312150,3102
312160,3104
312170,3110
312180,3114
312190,3107
312200,3107
312210,3106
312220,3106
312230,3105
312235,3111
312240,3116
312245,3111
312247,3109
312250,3114
312260,3103
312270,3110
312280,3101
312290,3107
312300,3102
312310,3103
312320,3105
312330,3107
312340,3116
312350,3113
312352,3110
312360,3101
312370,3106
312380,3108
312385,3114
312390,3102
312400,3107
312410,3103
312420,3107
312430,3108
312440,3115
312450,3115
312460,3107
312470,3105
312480,3113
312490,3107
312500,3107
312510,3115
312520,3116
312530,3107
312540,3104
312550,3104
312560,3111
312570,3103
312580,3106
312590,3103
312595,3107
312600,3103
312610,3105
312620,3109
312630,3116
312640,3103
312650,3104
312660,3108
312670,3108
312675,3111
312680,3111
312690,3106
312695,3106
312700,3112
312705,3111
312707,3108
312710,3112
312720,3103
312730,3106
312733,3108
312735,3108
312737,3106
312738,3107
312740,3115
312750,3106
312760,3104
312770,3106
312780,3108
312790,3113
312800,3103
312810,3116
312820,3110
312825,3108
312830,3116
312840,3107
312850,3107
312860,3109
312870,3116
312880,3107
312890,3109
312900,3107
312910,3113
312920,3115
312930,3114
312940,3102
312950,3112
312960,3108
312965,3108
312970,3116
312980,3103
312990,3115
313000,3102
313005,3108
313010,3103
313020,3105
313030,3105
313040,3101
313050,3101
313055,3114
313060,3115
313065,3108
313070,3113
313080,3101
313090,3114
313100,3103
313110,3103
313115,3114
313120,3110
313130,3114
313140,3113
313150,3115
313160,3113
313170,3103
313180,3106
313190,3103
313200,3108
313210,3108
313220,3105
313230,3111
313240,3115
313250,3104
313260,3107
313270,3111
313280,3103
313290,3116
313300,3101
313310,3101
313320,3106
313330,3111
313340,3112
313350,3105
313360,3115
313370,3105
313375,3116
313380,3105
313390,3102
313400,3111
313410,3106
313420,3113
313430,3101
313440,3112
313450,3101
313460,3103
313470,3111
313480,3116
313490,3115
313500,3114
313505,3108
313507,3106
313510,3108
313520,3108
313530,3105
313535,3108
313540,3102
313545,3104
313550,3110
313560,3108
313570,3103
313580,3111
313590,3101
313600,3111
313610,3114
313620,3103
313630,3109
313640,3108
313650,3111
313652,3104
313655,3106
313657,3108
313660,3103
313665,3103
313670,3107
313680,3108
313690,3116
313695,3108
313700,3111
313710,3109
313720,3105
313730,3108
313740,3102
313750,3109
313753,3109
313760,3103
313770,3110
313780,3101
313790,3102
313800,3107
313810,3108
313820,3101
313830,3105
313835,3104
313840,3107
313850,3107
313860,3107
313862,3112
313865,3108
313867,3110
313868,3108
313870,3101
313880,3105
313890,3111
313900,3116
313910,3102
313920,3111
313925,3108
313930,3108
313940,3110
313950,3110
313960,3106
313970,3103
313980,3107
313990,3115
314000,3103
314010,3106
314015,3103
314020,3107
314030,3114
314040,3115
314050,3105
314053,3110
314055,3111
314060,3103
314070,3103
314080,3107
314085,3108
314090,3110
314100,3108
314110,3103
314120,3109
314130,3105
314140,3111
314150,3106
314160,3107
314170,3114
314180,3104
314190,3101
314200,3108
314210,3107
314220,3107
314225,3108
314230,3103
314240,3105
314250,3103
314260,3101
314270,3108
314280,3113
314290,3108
314300,3116
314310,3113
314315,3111
314320,3116
314330,3108
314340,3115
314345,3108
314350,3103
314360,3103
314370,3103
314380,3115
314390,3107
314400,3110
314410,3116
314420,3106
314430,3111
314435,3114
314437,3109
314440,3115
314450,3102
314460,3101
314465,3108
314467,3106
314470,3103
314480,3103
314490,3111
314500,3113
314505,3108
314510,3116
314520,3105
314530,3111
314535,3111
314537,3108
314540,3107
314545,3108
314550,3101
314560,3105
314570,3107
314580,3105
314585,3110
314587,3107
314590,3102
314600,3115
314610,3103
314620,3111
314625,3108
314630,3111
314640,3103
314650,3105
314655,3108
314660,3102
314670,3107
314675,3111
314690,3103
314700,3109
314710,3105
314720,3116
314730,3115
314740,3103
314750,3103
314760,3101
314770,3105
314780,3107
314790,3116
314795,3108
314800,3109
314810,3113
314820,3107
314830,3110
314840,3106
314850,3111
314860,3106
314870,3111
314875,3107
314880,3110
314890,3105
314900,3107
314910,3115
314915,3108
314920,3112
314930,3103
314940,3107
314950,3107
314960,3103
314970,3105
314980,3112
314990,3101
314995,3114
315000,3111
315010,3107
315015,3114
315020,3110
315030,3102
315040,3103
315050,3116
315053,3114
315057,3108
315060,3105
315070,3112
315080,3102
315090,3115
315100,3115
315110,3107
315120,3108
315130,3107
315140,3105
315150,3116
315160,3112
315170,3116
315180,3115
315190,3110
315200,3103
315210,3110
315213,3108
315217,3111
315220,3108
315230,3110
315240,3111
315250,3115
315260,3101
315270,3102
315280,3113
315290,3116
315300,3112
315310,3107
315320,3103
315330,3104
315340,3109
315350,3110
315360,3103
315370,3103
315380,3102
315390,3103
315400,3110
315410,3107
315415,3110
315420,3102
315430,3106
315440,3102
315445,3109
315450,3108
315460,3103
315470,3101
315480,3103
315490,3110
315500,3110
315510,3111
315520,3102
315530,3103
315540,3107
315550,3109
315560,3108
315570,3103
315580,3107
315590,3107
315600,3103
315610,3102
315620,3107
315630,3107
315640,3113
315645,3107
315650,3108
315660,3111
315670,3103
315680,3103
315690,3112
315700,3108
315710,3111
315720,3103
315725,3114
315727,3107
315730,3102
315733,3102
315737,3108
315740,3110
315750,3106
315760,3108
315765,3111
315770,3112
315780,3103
315790,3110
315800,3103
315810,3111
315820,3106
315830,3101
315840,3107
315850,3103
315860,3107
315870,3102
315880,3105
315890,3110
315895,3114
315900,3103
315910,3102
315920,3115
315930,3107
315935,3114
315940,3102
315950,3106
315960,3115
315970,3109
315980,3113
315990,3105
316000,3107
316010,3110
316020,3104
316030,3111
316040,3105
316045,3108
316050,3103
316060,3103
316070,3107
316080,3101
316090,3102
316095,3114
316100,3103
316105,3106
316110,3108
316120,3105
316130,3112
316140,3107
316150,3107
316160,3106
316165,3106
316170,3109
316180,3105
316190,3103
316200,3101
316210,3109
316220,3116
316225,3108
316230,3115
316240,3108
316245,3108
316250,3102
316255,3110
316257,3106
316260,3114
316265,3108
316270,3108
316280,3106
316290,3107
316292,3103
316294,3116
316295,3103
316300,3106
316310,3105
316320,3115
316330,3111
316340,3110
316350,3106
316360,3110
316370,3101
316380,3110
316390,3116
316400,3110
316410,3106
316420,3108
316430,3116
316440,3115
316443,3107
316447,3114
316450,3106
316460,3105
316470,3116
316480,3103
316490,3101
316500,3102
316510,3116
316520,3101
316530,3102
316540,3115
316550,3106
316553,3103
316555,3111
316556,3110
316557,3115
316560,3107
316570,3107
316580,3115
316590,3104
316600,3102
316610,3103
316620,3102
316630,3110
316640,3101
316650,3104
316660,3105
316670,3111
316680,3109
316690,3116
316695,3108
316700,3101
316710,3104
316720,3103
316730,3107
316740,3115
316750,3107
316760,3110
316770,3106
316780,3101
316790,3107
316800,3108
316805,3110
316810,3112
316820,3105
316830,3103
316840,3106
316850,3110
316860,3111
316870,3114
316880,3102
316890,3109
316900,3107
316905,3115
316910,3115
316920,3107
316930,3101
316935,3103
316940,3101
316950,3106
316960,3113
316970,3104
316980,3115
316990,3107
317000,3108
317005,3114
317010,3112
317020,3113
317030,3111
317040,3109
317043,3112
317047,3109
317050,3110
317052,3108
317057,3114
317060,3116
317065,3108
317070,3101
317075,3109
317080,3108
317090,3108
317100,3109
317103,3108
317107,3104
317110,3112
317115,3114
317120,3103
317130,3110
317140,3107
317150,3106
317160,3104
317170,3101
317180,3103
317190,3106
317200,3107
317210,3107
317220,3115
320000,3200
320010,3207
320013,3209
320016,3209
320020,3205
320030,3205
320035,3209
320040,3205
320050,3205
320060,3207
320070,3205
320080,3209
320090,3209
320100,3209
320110,3205
320115,3207
320120,3205
320130,3207
320140,3205
320150,3209
320160,3209
320170,3207
320180,3205
320190,3207
320200,3205
320210,3209
320220,3207
320225,3209
320230,3205
320240,3207
320245,3207
320250,3207
320255,3205
320260,3205
320265,3205
320270,3207
320280,3205
320290,3207
320300,3205
320305,3209
320310,3205
320313,3207
320316,3207
320320,3209
320330,3209
320332,3205
320334,3207
320335,3209
320340,3205
320350,3209
320360,3209
320370,3205
320380,3205
320390,3209
320400,3209
320405,3209
320410,3209
320420,3205
320425,3209
320430,3205
320435,3209
320440,3205
320450,3207
320455,3207
320460,3207
320465,3209
320470,3209
320480,3205
320490,3209
320495,3209
320500,3207
320501,3209
320503,3205
320506,3207
320510,3207
320515,3209
320517,3209
320520,3207
320530,3207
330000,3300
330010,3312
330015,3312
330020,3312
330022,3312
330023,3312
330025,3312
330030,3312
330040,3312
330045,3312
330050,3312
330060,3312
330070,3312
330080,3312
330090,3312
330093,3312
330095,3312
330100,3312
330110,3312
330115,3312
330120,3312
330130,3312
330140,3312
330150,3312
330160,3312
330170,3312
330180,3312
330185,3312
330187,3312
330190,3312
330200,3312
330205,3312
330210,3312
330220,3312
330225,3312
330227,3312
330230,3312
330240,3312
330245,3312
330250,3312
330260,3312
330270,3312
330280,3312
330285,3312
330290,3312
330300,3312
330310,3312
330320,3312
330330,3312
330340,3312
330350,3312
330360,3312
330370,3312
330380,3312
330385,3312
330390,3312
330395,3312
330400,3312
330410,3312
330411,3312
330412,3312
330414,3312
330415,3312
330420,3312
330430,3312
330440,3312
330450,3312
330452,3312
330455,3312
330460,3312
330470,3312
330475,3312
330480,3312
330490,3312
330500,3312
330510,3312
330513,3312
330515,3312
330520,3312
330530,3312
330540,3312
330550,3312
330555,3312
330560,3312
330570,3312
330575,3312
330580,3312
330590,3312
330600,3312
330610,3312
330615,3312
330620,3312
330630,3312
350000,3500
350010,3533
350020,3531
350030,3528
350040,3528
350050,3528
350055,3518
350060,3529
350070,3518
350075,3519
350080,3532
350090,3530
350100,3530
350110,3531
350115,3519
350120,3531
350130,3532
350140,3533
350150,3533
350160,3528
350170,3535
350180,3531
350190,3528
350200,3529
350210,3531
350220,3519
350230,3518
350240,3532
350250,3526
350260,3531
350270,3519
350275,3519
350280,3531
350290,3519
350300,3530
350310,3518
350315,3526
350320,3535
350330,3529
350335,3533
350340,3518
350350,3526
350360,3518
350370,3531
350380,3528
350390,3525
350395,3531
350400,3533
350410,3527
350420,3531
350430,3518
350440,3531
350450,3518
350460,3531
350470,3518
350480,3531
350490,3526
350500,3518
350510,3531
350520,3518
350530,3518
350535,3519
350540,3520
350550,3530
350560,3530
350570,3522
350580,3533
350590,3530
350600,3518
350610,3530
350620,3531
350630,3533
350635,3520
350640,3531
350650,3531
350660,3525
350670,3535
350680,3518
350690,3518
350700,3519
350710,3527
350715,3519
350720,3533
350730,3518
350740,3535
350745,3518
350750,3518
350760,3527
350770,3531
350775,3531
350780,3530
350790,3518
350800,3519
350810,3531
350820,3530
350830,3518
350840,3527
350850,3526
350860,3526
350870,3528
350880,3518
350890,3532
350900,3524
350910,3532
350920,3524
350925,3520
350930,3530
350940,3530
350945,3519
350950,3528
350960,3527
350970,3526
350980,3533
350990,3520
350995,3526
351000,3533
351010,3535
351015,3533
351020,3519
351030,3519
351040,3529
351050,3526
351060,3522
351070,3531
351080,3528
351090,3530
351100,3531
351110,3531
351120,3531
351130,3531
351140,3518
351150,3519
351160,3519
351170,3529
351190,3531
351200,3530
351210,3530
351220,3529
351230,3518
351240,3529
351250,3531
351260,3518
351270,3529
351280,3528
351290,3531
351300,3523
351310,3530
351320,3530
351330,3533
351340,3526
351350,3520
351360,3526
351370,3535
351380,3534
351385,3531
351390,3528
351400,3535
351410,3518
351420,3531
351430,3535
351440,3532
351450,3518
351460,3530
351470,3533
351480,3520
351490,3529
351492,3531
351495,3531
351500,3523
351510,3523
351512,3532
351515,3529
351518,3528
351519,3533
351520,3531
351530,3532
351535,3532
351540,3518
351550,3531
351560,3531
351565,3533
351570,3525
351580,3532
351590,3531
351600,3533
351610,3533
351620,3530
351630,3524
351640,3524
351650,3531
351660,3533
351670,3533
351680,3531
351685,3535
351690,3531
351700,3518
351710,3531
351720,3518
351730,3533
351740,3530
351750,3531
351760,3519
351770,3530
351780,3531
351790,3530
351800,3531
351810,3533
351820,3531
351830,3525
351840,3526
351850,3519
351860,3530
351870,3520
351880,3525
351885,3530
351890,3531
351900,3533
351905,3528
351907,3528
351910,3518
351920,3533
351925,3518
351930,3535
351940,3531
351950,3533
351960,3535
351970,3519
351980,3531
351990,3532
352000,3518
352010,3530
352020,3526
352030,3520
352040,3526
352042,3520
352044,3531
352050,3528
352060,3532
352070,3531
352080,3533
352090,3533
352100,3519
352110,3529
352115,3531
352120,3520
352130,3530
352140,3529
352150,3531
352160,3532
352170,3519
352180,3518
352190,3531
352200,3518
352210,3520
352215,3519
352220,3523
352230,3519
352240,3519
352250,3522
352260,3528
352265,3519
352270,3535
352280,3518
352290,3518
352300,3531
352310,3525
352320,3519
352330,3520
352340,3528
352350,3518
352360,3529
352370,3530
352380,3528
352390,3519
352400,3527
352410,3530
352420,3530
352430,3530
352440,3526
352450,3531
352460,3520
352470,3528
352480,3531
352490,3526
352500,3522
352510,3530
352520,3527
352530,3518
352540,3530
352550,3527
352560,3532
352570,3531
352580,3533
352585,3519
352590,3527
352600,3532
352610,3520
352620,3523
352630,3526
352640,3518
352650,3531
352660,3526
352670,3529
352680,3518
352690,3529
352700,3528
352710,3518
352720,3526
352725,3531
352730,3527
352740,3533
352750,3518
352760,3530
352770,3531
352780,3533
352790,3533
352800,3518
352810,3531
352820,3531
352830,3531
352840,3519
352850,3524
352860,3518
352870,3532
352880,3533
352885,3531
352890,3533
352900,3533
352910,3531
352920,3532
352930,3535
352940,3534
352950,3531
352960,3531
352965,3531
352970,3530
352980,3518
352990,3520
353000,3531
353010,3531
353020,3532
353030,3531
353040,3531
353050,3528
353060,3525
353070,3528
353080,3528
353090,3529
353100,3531
353110,3520
353120,3528
353130,3530
353140,3531
353150,3530
353160,3532
353170,3526
353180,3528
353190,3530
353200,3528
353205,3535
353210,3531
353215,3532
353220,3532
353230,3526
353240,3527
353250,3531
353260,3531
353270,3531
353280,3531
353282,3519
353284,3531
353286,3531
353290,3535
353300,3531
353310,3532
353320,3531
353325,3531
353330,3531
353340,3528
353350,3531
353360,3530
353370,3533
353380,3533
353390,3530
353400,3531
353410,3533
353420,3531
353430,3530
353440,3522
353450,3533
353460,3533
353470,3533
353475,3531
353480,3532
353490,3533
353500,3531
353510,3531
353520,3531
353530,3533
353540,3532
353550,3533
353560,3526
353570,3531
353580,3518
353590,3531
353600,3533
353610,3518
353620,3520
353625,3531
353630,3530
353640,3532
353650,3528
353657,3518
353660,3531
353670,3518
353680,3527
353690,3531
353700,3530
353710,3528
353715,3533
353720,3520
353730,3531
353740,3531
353750,3518
353760,3520
353770,3531
353780,3519
353790,3519
353800,3526
353810,3531
353820,3527
353830,3532
353850,3526
353860,3527
353870,3529
353880,3518
353890,3518
353900,3531
353910,3522
353920,3532
353930,3529
353940,3518
353950,3530
353960,3531
353970,3533
353980,3525
353990,3531
354000,3533
354010,3518
354020,3530
354025,3531
354030,3531
354040,3531
354050,3518
354060,3519
354070,3535
354075,3526
354080,3531
354085,3533
354090,3530
354100,3520
354105,3518
354110,3518
354120,3532
354130,3532
354140,3532
354150,3532
354160,3518
354165,3519
354170,3532
354180,3533
354190,3526
354200,3533
354210,3529
354220,3532
354230,3526
354240,3532
354250,3518
354260,3520
354270,3530
354280,3519
354290,3535
354300,3519
354310,3530
354320,3533
354323,3532
354325,3519
354330,3534
354340,3530
354350,3519
354360,3530
354370,3535
354380,3533
354390,3529
354400,3529
354410,3534
354420,3531
354425,3532
354430,3526
354440,3531
354450,3531
354460,3518
354470,3533
354480,3531
354490,3530
354500,3525
354510,3533
354515,3529
354520,3519
354530,3519
354540,3533
354550,3532
354560,3531
354570,3531
354580,3528
354600,3526
354610,3531
354620,3529
354625,3530
354630,3528
354640,3533
354650,3535
354660,3531
354670,3529
354680,3525
354690,3535
354700,3529
354710,3532
354720,3531
354730,3522
354740,3531
354750,3530
354760,3530
354765,3531
354770,3532
354780,3534
354790,3530
354800,3528
354805,3531
354810,3528
354820,3526
354830,3532
354840,3531
354850,3520
354860,3526
354870,3534
354880,3534
354890,3535
354900,3531
354910,3528
354920,3531
354925,3531
354930,3532
354940,3530
354950,3530
354960,3526
354970,3528
354980,3531
354990,3526
354995,3523
355000,3526
355010,3518
355020,3519
355030,3521
355040,3529
355050,3533
355060,3519
355070,3526
355080,3528
355090,3530
355100,3520
355110,3519
355120,3518
355130,3531
355140,3530
355150,3530
355160,3528
355170,3530
355180,3520
355190,3530
355200,3526
355210,3527
355220,3519
355230,3531
355240,3528
355250,3525
355255,3531
355260,3531
355270,3535
355280,3523
355290,3532
355300,3518
355310,3530
355320,3530
355330,3528
355340,3531
355350,3519
355360,3528
355365,3530
355370,3535
355380,3518
355385,3519
355390,3532
355395,3533
355400,3519
355410,3526
355420,3518
355430,3532
355440,3530
355450,3519
355460,3533
355465,3518
355470,3518
355475,3535
355480,3526
355490,3531
355495,3527
355500,3533
355510,3532
355520,3531
355530,3531
355535,3531
355540,3526
355550,3533
355560,3531
355570,3531
355580,3531
355590,3518
355600,3531
355610,3531
355620,3528
355630,3531
355635,3527
355640,3528
355645,3523
355650,3527
355660,3533
355670,3528
355680,3530
355690,3530
355695,3531
355700,3519
355710,3531
355715,3531
355720,3533
355730,3528
410000,4100
410010,4105
410020,4107
410030,4107
410040,4107
410045,4106
410050,4106
410060,4106
410070,4106
410080,4105
410090,4106
410100,4108
410105,4108
410110,4105
410115,4106
410120,4107
410130,4107
410140,4105
410150,4105
410160,4107
410165,4105
410170,4106
410180,4107
410185,4105
410190,4105
410200,4108
410210,4106
410220,4106
410230,4107
410240,4105
410250,4106
410260,4108
410270,4105
410275,4108
410280,4105
410290,4107
410300,4106
410302,4108
410304,4107
410305,4108
410310,4107
410315,4108
410320,4105
410322,4108
410330,4105
410335,4108
410337,4106
410340,4105
410345,4108
410347,4106
410350,4105
410360,4105
410370,4105
410380,4105
410390,4106
410395,4107
410400,4107
410405,4108
410410,4107
410420,4107
410425,4107
410430,4106
410440,4105
410442,4107
410445,4107
410450,4108
410460,4108
410465,4107
410470,4105
410480,4108
410490,4107
410500,4108
410510,4105
410520,4107
410530,4108
410540,4108
410550,4106
410560,4106
410570,4108
410580,4107
410590,4106
410600,4105
410610,4105
410620,4107
410630,4108
410640,4105
410645,4108
410650,4108
410655,4106
410657,4108
410660,4106
410670,4106
410680,4107
410685,4105
410690,4107
410700,4107
410710,4106
410712,4108
410715,4108
410720,4108
410725,4106
410730,4106
410740,4108
410750,4106
410752,4106
410753,4108
410754,4108
410755,4106
410760,4105
410765,4107
410770,4106
410773,4107
410775,4105
410780,4106
410785,4108
410790,4106
410800,4105
410810,4106
410820,4108
410830,4108
410832,4106
410840,4108
410845,4107
410850,4107
410855,4105
410860,4106
410865,4107
410870,4105
410880,4108
410890,4106
410895,4107
410900,4105
410910,4106
410920,4105
410930,4108
410940,4107
410950,4107
410960,4107
410965,4108
410970,4105
410975,4108
410980,4105
410990,4106
411000,4106
411005,4108
411007,4107
411010,4107
411020,4107
411030,4106
411040,4106
411050,4107
411060,4106
411065,4108
411070,4107
411080,4106
411090,4106
411095,4108
411100,4105
411110,4106
411120,4108
411125,4107
411130,4106
411140,4107
411150,4105
411155,4106
411160,4106
411170,4105
411180,4105
411190,4105
411200,4107
411210,4105
411220,4106
411230,4105
411240,4106
411250,4105
411260,4106
411270,4105
411275,4108
411280,4105
411290,4105
411295,4106
411300,4106
411310,4105
411320,4107
411325,4107
411330,4107
411340,4105
411342,4105
411345,4108
411350,4106
411360,4106
411370,4105
411373,4106
411375,4105
411380,4105
411390,4107
411400,4106
411410,4106
411420,4106
411430,4107
411435,4108
411440,4108
411450,4105
411460,4108
411470,4106
411480,4106
411490,4105
411500,4106
411510,4106
411520,4106
411530,4108
411535,4108
411540,4108
411545,4107
411550,4105
411560,4108
411570,4107
411573,4105
411575,4105
411580,4108
411585,4108
411590,4106
411600,4105
411605,4108
411610,4106
411620,4107
411630,4106
411640,4106
411650,4106
411660,4105
411670,4108
411680,4106
411690,4106
411695,4108
411700,4105
411705,4107
411710,4106
411720,4106
411721,4105
411722,4108
411725,4108
411727,4105
411729,4105
411730,4107
411740,4106
411745,4108
411750,4106
411760,4108
411770,4107
411780,4107
411790,4108
411800,4106
411810,4106
411820,4107
411830,4106
411840,4106
411845,4108
411850,4108
411860,4107
411870,4107
411880,4106
411885,4106
411890,4106
411900,4108
411910,4107
411915,4107
411920,4105
411925,4108
411930,4107
411940,4107
411950,4107
411960,4107
411965,4105
411970,4106
411980,4108
411990,4107
411995,4107
412000,4105
412010,4107
412015,4107
412020,4106
412030,4107
412033,4105
412035,4108
412040,4106
412050,4105
412060,4107
412065,4106
412070,4105
412080,4107
412085,4108
412090,4108
412100,4106
412110,4106
412120,4107
412125,4108
412130,4105
412135,4106
412140,4108
412150,4107
412160,4108
412170,4107
412175,4107
412180,4105
412190,4105
412200,4107
412210,4105
412215,4107
412217,4105
412220,4107
412230,4107
412240,4105
412250,4106
412260,4106
412265,4105
412270,4105
412280,4108
412290,4105
412300,4108
412310,4105
412320,4105
412330,4106
412340,4106
412350,4108
412360,4106
412370,4106
412380,4108
412382,4108
412385,4105
412390,4105
412395,4106
412400,4105
412402,4108
412405,4108
412410,4105
412420,4106
412430,4105
412440,4108
412450,4106
412460,4106
412470,4105
412480,4108
412490,4106
412500,4105
412510,4107
412520,4108
412530,4106
412535,4106
412540,4105
412545,4108
412550,4107
412555,4106
412560,4107
412570,4108
412575,4108
412580,4105
412590,4106
412600,4105
412610,4106
412620,4105
412625,4106
412627,4108
412630,4107
412635,4108
412640,4105
412650,4105
412660,4105
412665,4108
412667,4105
412670,4106
412680,4106
412690,4106
412700,4107
412710,4107
412720,4106
412730,4106
412740,4108
412750,4107
412760,4107
412770,4108
412780,4105
412785,4108
412788,4107
412790,4106
412795,4108
412796,4107
412800,4106
412810,4106
412820,4107
412830,4106
412840,4105
412850,4105
412853,4107
412855,4108
412860,4108
412862,4106
412863,4107
412865,4107
412870,4108
412880,4106
420000,4200
420005,4217
420010,4213
420020,4216
420030,4216
420040,4217
420050,4213
420055,4213
420060,4214
420070,4214
420075,4217
420080,4213
420090,4214
420100,4218
420110,4214
420120,4214
420125,4216
420127,4217
420130,4211
420140,4210
420150,4210
420160,4217
420165,4213
420170,4216
420180,4216
420190,4216
420195,4210
420200,4215
420205,4211
420207,4210
420208,4213
420209,4213
420210,4211
420213,4211
420215,4213
420220,4216
420230,4214
420240,4216
420243,4218
420245,4215
420250,4218
420253,4213
420257,4213
420260,4218
420270,4216
420280,4210
420285,4216
420287,4217
420290,4216
420300,4217
420310,4213
420315,4217
420320,4215
420325,4218
420330,4211
420340,4218
420350,4213
420360,4217
420370,4214
420380,4211
420390,4217
420395,4210
420400,4217
420410,4213
420415,4217
420417,4218
420419,4216
420420,4213
420425,4210
420430,4217
420435,4213
420440,4213
420445,4213
420450,4211
420455,4218
420460,4210
420470,4213
420475,4213
420480,4217
420490,4213
420500,4213
420510,4216
420515,4216
420517,4213
420519,4210
420520,4217
420530,4213
420535,4213
420540,4214
420543,4213
420545,4210
420550,4217
420555,4217
420560,4213
420570,4214
420580,4211
420590,4216
420600,4214
420610,4210
420620,4210
420630,4216
420640,4213
420650,4211
420660,4213
420665,4213
420670,4217
420675,4217
420680,4217
420690,4216
420700,4210
420710,4215
420720,4210
420730,4210
420740,4216
420750,4216
420757,4217
420760,4217
420765,4213
420768,4213
420770,4217
420775,4213
420780,4217
420785,4213
420790,4211
420800,4217
420810,4211
420820,4215
420830,4215
420840,4213
420845,4211
420850,4216
420860,4217
420870,4210
420880,4210
420890,4211
420895,4213
420900,4217
420910,4211
420915,4216
420917,4213
420920,4217
420930,4218
420940,4210
420945,4213
420950,4216
420960,4210
420970,4217
420980,4214
420985,4217
420990,4216
421000,4215
421003,4217
421005,4217
421010,4211
421020,4214
421030,4211
421040,4210
421050,4213
421055,4213
421060,4211
421070,4217
421080,4210
421085,4216
421090,4213
421100,4213
421105,4217
421110,4211
421120,4210
421125,4210
421130,4215
421140,4213
421145,4213
421150,4214
421160,4210
421165,4213
421170,4210
421175,4218
421180,4217
421185,4213
421187,4213
421189,4218
421190,4214
421200,4213
421205,4218
421210,4213
421220,4211
421223,4213
421225,4210
421227,4213
421230,4214
421240,4210
421250,4215
421260,4217
421265,4210
421270,4216
421280,4215
421290,4213
421300,4217
421310,4217
421315,4213
421320,4216
421330,4218
421335,4217
421340,4213
421350,4215
421360,4211
421370,4216
421380,4210
421390,4217
421400,4216
421410,4216
421415,4213
421420,4213
421430,4214
421440,4217
421450,4216
421460,4216
421470,4216
421480,4216
421490,4210
421500,4211
421505,4218
421507,4213
421510,4216
421520,4213
421530,4216
421535,4213
421540,4217
421545,4210
421550,4217
421555,4213
421560,4210
421565,4210
421567,4216
421568,4213
421569,4213
421570,4214
421575,4213
421580,4211
421590,4214
421600,4213
421605,4217
421610,4213
421620,4211
421625,4213
421630,4214
421635,4211
421640,4210
421650,4218
421660,4214
421670,4213
421680,4218
421690,4213
421700,4210
421710,4210
421715,4213
421720,4213
421725,4214
421730,4213
421740,4211
421750,4217
421755,4213
421760,4210
421770,4210
421775,4213
421780,4216
421790,4217
421795,4213
421800,4214
421810,4210
421820,4216
421825,4217
421830,4211
421835,4210
421840,4210
421850,4217
421860,4216
421870,4210
421875,4213
421880,4210
421885,4213
421890,4218
421895,4218
421900,4210
421910,4213
421915,4217
421917,4217
421920,4216
421930,4217
421935,4216
421940,4216
421950,4213
421960,4217
421970,4213
421985,4217
422000,4210
430000,4300
430003,4309
430005,4311
430010,4314
430020,4312
430030,4312
430040,4314
430045,4312
430047,4311
430050,4311
430055,4311
430057,4310
430060,4313
430063,4309
430064,4311
430066,4311
430070,4308
430080,4310
430085,4313
430087,4313
430090,4311
430100,4308
430105,4313
430107,4309
430110,4313
430120,4308
430130,4309
430140,4311
430150,4312
430155,4311
430160,4309
430163,4313
430165,4313
430170,4311
430175,4313
430180,4311
430185,4311
430187,4314
430190,4313
430192,4311
430195,4311
430200,4311
430205,4311
430210,4310
430215,4311
430220,4312
430222,4312
430223,4312
430225,4310
430230,4310
430235,4310
430237,4311
430240,4308
430245,4308
430250,4312
430258,4312
430260,4311
430265,4313
430270,4313
430280,4308
430290,4314
430300,4308
430310,4313
430320,4311
430330,4312
430340,4311
430350,4313
430355,4311
430360,4313
430367,4310
430370,4312
430380,4311
430390,4313
430400,4312
430410,4311
430420,4308
430430,4312
430435,4309
430440,4310
430450,4309
430460,4313
430461,4308
430462,4311
430463,4313
430465,4314
430466,4309
430467,4313
430468,4313
430469,4308
430470,4311
430471,4313
430480,4310
430485,4311
430490,4311
430495,4311
430500,4312
430510,4310
430511,4311
430512,4309
430513,4308
430515,4311
430517,4313
430520,4312
430530,4311
430535,4313
430537,4311
430540,4312
430543,4309
430544,4313
430545,4313
430550,4311
430558,4308
430560,4312
430570,4312
430580,4311
430583,4308
430585,4311
430587,4312
430590,4311
430593,4310
430595,4310
430597,4311
430600,4312
430605,4313
430607,4311
430610,4312
430613,4311
430620,4308
430630,4311
430632,4311
430635,4312
430637,4314
430640,4313
430642,4311
430645,4308
430650,4313
430655,4313
430660,4309
430670,4314
430673,4312
430675,4308
430676,4313
430680,4308
430690,4308
430692,4311
430693,4312
430695,4311
430697,4311
430700,4311
430705,4311
430710,4309
430720,4311
430730,4311
430740,4310
430745,4311
430750,4311
430755,4311
430760,4313
430770,4313
430780,4308
430781,4308
430783,4312
430786,4310
430790,4310
430800,4314
430805,4311
430807,4308
430810,4310
430820,4310
430825,4311
430830,4311
430840,4314
430843,4308
430845,4312
430850,4311
430860,4310
430865,4312
430870,4311
430880,4313
430885,4311
430890,4311
430900,4312
430905,4313
430910,4310
430912,4311
430915,4308
430920,4313
430925,4310
430930,4313
430940,4310
430950,4312
430955,4313
430957,4308
430960,4312
430965,4309
430970,4312
430975,4308
430980,4311
430990,4311
430995,4311
431000,4312
431010,4313
431020,4312
431030,4308
431033,4313
431036,4308
431040,4312
431041,4312
431043,4310
431046,4311
431050,4311
431053,4314
431055,4314
431057,4311
431060,4314
431065,4313
431070,4311
431075,4314
431080,4313
431085,4311
431087,4312
431090,4311
431100,4309
431110,4314
431112,4310
431113,4314
431115,4312
431120,4314
431123,4308
431125,4311
431127,4311
431130,4311
431140,4308
431142,4311
431150,4309
431160,4311
431162,4313
431164,4310
431170,4311
431171,4314
431173,4313
431175,4314
431177,4313
431179,4313
431180,4311
431190,4311
431198,4313
431200,4311
431205,4308
431210,4314
431213,4311
431215,4308
431217,4312
431220,4311
431225,4313
431230,4311
431235,4311
431237,4310
431238,4310
431240,4313
431242,4311
431244,4313
431245,4309
431247,4313
431250,4313
431260,4308
431261,4310
431262,4311
431265,4311
431267,4311
431270,4311
431275,4311
431280,4310
431290,4310
431295,4311
431300,4308
431301,4312
431303,4314
431306,4313
431308,4310
431310,4314
431320,4310
431330,4310
431333,4312
431335,4310
431337,4313
431339,4308
431340,4313
431342,4312
431344,4311
431346,4311
431349,4311
431350,4313
431360,4311
431365,4313
431370,4311
431380,4311
431390,4312
431395,4308
431400,4310
431402,4314
431403,4313
431405,4313
431406,4308
431407,4308
431410,4311
431413,4311
431415,4308
431417,4309
431420,4309
431430,4312
431440,4309
431442,4310
431445,4311
431446,4310
431447,4314
431449,4311
431450,4309
431454,4310
431455,4312
431460,4309
431470,4311
431475,4308
431477,4311
431478,4311
431480,4313
431490,4313
431500,4312
431505,4312
431507,4312
431510,4312
431513,4308
431514,4313
431515,4308
431517,4310
431520,4308
431530,4314
431531,4311
431532,4314
431535,4312
431540,4311
431545,4308
431550,4314
431555,4311
431560,4309
431570,4308
431575,4313
431580,4308
431590,4311
431595,4312
431600,4313
431610,4311
431620,4311
431630,4312
431640,4314
431642,4311
431643,4312
431645,4312
431647,4312
431650,4313
431660,4311
431670,4312
431673,4311
431675,4308
431680,4308
431690,4314
431695,4313
431697,4314
431700,4309
431710,4314
431720,4312
431725,4310
431730,4309
431740,4314
431750,4312
431755,4311
431760,4313
431770,4312
431775,4311
431780,4312
431790,4312
431795,4311
431800,4312
431805,4311
431810,4314
431820,4313
431830,4314
431840,4313
431842,4311
431843,4314
431844,4310
431845,4311
431846,4308
431848,4313
431849,4312
431850,4309
431860,4311
431861,4313
431862,4310
431870,4313
431880,4309
431890,4312
431900,4310
431910,4312
431912,4314
431915,4312
431920,4312
431930,4312
431935,4313
431936,4311
431937,4312
431940,4314
431950,4313
431960,4314
431970,4311
431971,4308
431973,4312
431975,4310
431980,4314
431990,4313
432000,4313
432010,4311
432020,4311
432023,4312
432026,4308
432030,4312
432032,4312
432035,4313
432040,4311
432045,4308
432050,4311
432055,4313
432057,4312
432060,4311
432065,4314
432067,4308
432070,4308
432080,4311
432085,4313
432090,4311
432100,4311
432110,4313
432120,4313
432130,4308
432132,4311
432135,4313
432140,4311
432143,4313
432145,4308
432146,4311
432147,4311
432149,4314
432150,4313
432160,4313
432162,4308
432163,4311
432166,4313
432170,4313
432180,4312
432183,4313
432185,4311
432190,4311
432195,4311
432200,4313
432210,4312
432215,4311
432218,4311
432220,4314
432225,4313
432230,4312
432232,4309
432234,4312
432235,4310
432237,4314
432240,4314
432250,4310
432252,4308
432253,4308
432254,4310
432255,4311
432260,4308
432270,4308
432280,4310
432285,4308
432290,4311
432300,4313
432310,4311
432320,4311
432330,4310
432335,4311
432340,4311
432345,4314
432350,4311
432360,4310
432370,4311
432375,4312
432377,4308
432380,4313
500000,5000
500020,5012
500025,5010
500060,5011
500070,5010
500080,5011
500085,5011
500090,5011
500100,5012
500110,5010
500124,5011
500150,5010
500190,5012
500200,5011
500210,5010
500215,5010
500220,5010
500230,5012
500240,5011
500260,5010
500270,5010
500280,5010
500290,5012
500295,5012
500310,5010
500315,5011
500320,5009
500325,5012
500330,5010
500345,5011
500348,5010
500350,5011
500370,5011
500375,5011
500380,5011
500390,5010
500400,5011
500410,5010
500430,5011
500440,5012
500450,5011
500460,5011
500470,5011
500480,5011
500490,5010
500500,5010
500510,5011
500515,5011
500520,5009
500525,5011
500540,5010
500560,5009
500568,5011
500570,5011
500580,5010
500600,5011
500620,5011
500625,5011
500627,5012
500630,5012
500635,5011
500640,5010
500660,5011
500690,5010
500710,5010
500720,5011
500730,5010
500740,5010
500750,5010
500755,5012
500769,5010
500770,5011
500780,5012
500790,5010
500793,5010
500795,5011
500797,5011
500800,5010
500830,5012
500840,5011
510000,5100
510010,5105
510020,5104
510025,5103
510030,5101
510035,5104
510040,5101
510050,5106
510060,5101
510080,5103
510100,5104
510120,5101
510125,5102
510130,5106
510140,5106
510160,5105
510170,5106
510180,5104
510183,5103
510185,5104
510190,5106
510250,5102
510260,5104
510263,5106
510267,5101
510268,5102
510269,5104
510270,5104
510279,5103
510285,5106
510300,5105
510305,5103
510310,5104
510320,5103
510325,5106
510330,5102
510335,5104
510336,5102
510337,5106
510340,5105
510343,5102
510345,5106
510350,5106
510360,5101
510370,5103
510380,5102
510385,5104
510390,5104
510395,5102
510410,5103
510420,5101
510450,5102
510452,5103
510454,5103
510455,5103
510460,5101
510480,5101
510490,5105
510500,5102
510510,5103
510515,5106
510517,5106
510520,5101
510523,5102
510525,5103
510530,5104
510550,5102
510558,5103
510560,5103
510562,5102
510590,5106
510600,5106
510610,5105
510615,5103
510617,5104
510618,5102
510619,5103
510620,5105
510621,5103
510622,5103
510623,5106
510624,5103
510625,5104
510626,5103
510627,5103
510628,5104
510629,5103
510630,5101
510631,5104
510637,5101
510642,5103
510645,5105
510650,5105
510665,5104
510670,5104
510675,5102
510677,5104
510680,5103
510682,5102
510685,5106
510700,5101
510704,5101
510706,5104
510710,5102
510715,5102
510718,5104
510719,5104
510720,5102
510724,5103
510726,5106
510729,5101
510730,5106
510735,5104
510740,5101
510757,5102
510760,5101
510770,5106
510774,5104
510775,5102
510776,5103
510777,5104
510779,5101
510780,5105
510785,5104
510787,5106
510788,5104
510790,5103
510792,5103
510794,5103
510795,5106
510800,5103
510805,5103
510810,5101
510820,5104
510830,5103
510835,5102
510840,5105
510850,5103
510860,5104
510880,5103
510885,5106
510890,5106
510895,5103
520000,5200
520005,5208
520010,5209
520013,5206
520015,5208
520017,5207
520020,5210
520025,5207
520030,5209
520050,5210
520055,5209
520060,5207
520080,5207
520082,5209
520085,5208
520090,5208
520110,5209
520120,5210
520130,5208
520140,5210
520145,5206
520150,5206
520160,5208
520170,5208
520180,5210
520215,5208
520235,5208
520250,5208
520260,5208
520280,5208
520310,5208
520320,5209
520330,5210
520340,5208
520350,5210
520355,5210
520357,5209
520360,5208
520380,5208
520390,5210
520393,5208
520396,5207
520400,5207
520410,5206
520420,5208
520425,5210
520430,5206
520440,5206
520450,5210
520455,5210
520460,5208
520465,5209
520470,5209
520480,5210
520485,5209
520490,5207
520495,5209
520500,5209
520505,5206
520510,5210
520520,5208
520530,5207
520540,5209
520545,5210
520547,5206
520549,5207
520551,5209
520552,5209
520570,5208
520580,5209
520590,5210
520620,5207
520630,5210
520640,5209
520650,5210
520660,5210
520670,5207
520680,5208
520690,5210
520710,5208
520725,5206
520735,5210
520740,5210
520750,5209
520753,5208
520760,5208
520780,5208
520790,5207
520800,5207
520810,5209
520815,5209
520830,5207
520840,5209
520850,5210
520860,5209
520870,5208
520880,5208
520890,5208
520910,5210
520915,5210
520920,5208
520929,5208
520940,5207
520945,5209
520960,5208
520970,5210
520980,5209
520990,5207
520993,5210
520995,5210
521000,5208
521010,5210
521015,5209
521020,5208
521030,5208
521040,5208
521056,5208
521060,5209
521080,5206
521090,5209
521100,5208
521120,5208
521130,5206
521140,5208
521150,5210
521160,5208
521170,5210
521180,5209
521190,5206
521200,5208
521205,5208
521210,5210
521220,5208
521225,5206
521230,5210
521250,5207
521260,5210
521270,5207
521280,5209
521290,5210
521295,5208
521300,5206
521305,5209
521308,5209
521310,5206
521340,5208
521350,5207
521370,5208
521375,5206
521377,5209
521380,5210
521385,5209
521390,5208
521400,5208
521405,5209
521410,5209
521440,5208
521450,5208
521460,5209
521470,5209
521480,5210
521483,5208
521486,5209
521487,5209
521490,5207
521500,5208
521520,5208
521523,5207
521525,5209
521530,5210
521540,5208
521550,5210
521560,5209
521565,5208
521570,5208
521580,5210
521590,5208
521600,5210
521630,5206
521640,5208
521645,5206
521680,5208
521690,5209
521710,5210
521720,5208
521730,5209
521740,5210
521760,5207
521770,5210
521800,5209
521805,5206
521810,5206
521830,5207
521839,5210
521850,5206
521860,5209
521870,5209
521878,5210
521880,5206
521890,5209
521900,5208
521910,5208
521920,5210
521925,5208
521930,5206
521935,5209
521940,5206
521945,5209
521950,5208
521960,5209
521970,5209
521971,5206
521973,5208
521975,5207
521980,5207
521990,5208
522000,5207
522005,5208
522010,5208
522015,5209
522020,5209
522026,5210
522028,5209
522040,5206
522045,5210
522050,5206
522060,5210
522068,5207
522070,5207
522100,5208
522108,5207
522119,5209
522130,5210
522140,5208
522145,5209
522150,5208
522155,5206
522157,5209
522160,5209
522170,5209
522180,5210
522185,5207
522190,5210
522200,5210
522205,5210
522220,5207
522230,5209
530000,5302
530010,5302
