cod_mun_ibge_6;ANO;UF;municipio;populacao;TMI;COBERTURA_PRENATAL;TAXA_MEDICOS;PROP_CESAREOS;PROP_MAL_DEFINIDAS;DOENCAS_CRONICAS
170025;2021;TO;Abreulândia;2576;0.0;56.666666666666664;0.3881987577639751;33.33333333333333;0.0;3.881987577639751
170025;2022;TO;Abreulândia;2576;29.41176470588235;82.35294117647058;0.3881987577639751;29.411764705882355;0.0;3.881987577639751
170030;2021;TO;Aguiarnópolis;4497;10.989010989010989;78.02197802197803;0.22237046920169;56.043956043956044;0.0;13.3422281521014
170030;2022;TO;Aguiarnópolis;4497;0.0;80.51948051948052;0.22237046920169;53.246753246753244;0.0;8.8948187680676
170035;2021;TO;Aliança do Tocantins;5147;14.925373134328359;77.61194029850746;0.3885758694385079;65.67164179104478;6.0606060606060606;17.485914124732854
170035;2022;TO;Aliança do Tocantins;5147;35.08771929824561;73.68421052631578;0.3885758694385079;73.68421052631578;0.0;5.8286380415776184
170040;2021;TO;Almas;6499;16.260162601626018;60.16260162601627;0.307739652254193;40.65040650406504;7.6923076923076925;4.616094783812894
170040;2022;TO;Almas;6499;0.0;67.3469387755102;0.307739652254193;42.857142857142854;1.8518518518518516;13.848284351438682
170070;2021;TO;Alvorada;8802;15.037593984962406;75.18796992481202;0.22722108611679165;72.93233082706767;0.0;15.905476028175414
170070;2022;TO;Alvorada;8802;16.666666666666668;75.0;0.22722108611679165;74.16666666666667;0.0;15.905476028175414
170100;2021;TO;Ananás;10325;6.41025641025641;70.51282051282051;0.1937046004842615;47.43589743589743;0.0;14.527845036319611
170100;2022;TO;Ananás;10325;0.0;67.4074074074074;0.1937046004842615;54.074074074074076;0.0;32.92978208232445
170105;2021;TO;Angico;2876;0.0;78.78787878787878;0.3477051460361613;54.54545454545454;0.0;3.477051460361613
170105;2022;TO;Angico;2876;24.390243902439025;87.8048780487805;0.6954102920723226;53.65853658536586;0.0;0.0
170110;2021;TO;Aparecida do Rio Negro;4856;27.777777777777775;86.11111111111111;0.41186161449752884;50.0;2.564102564102564;4.118616144975288
170110;2022;TO;Aparecida do Rio Negro;4856;0.0;74.35897435897436;0.41186161449752884;50.0;0.0;6.177924217462932
170130;2021;TO;Aragominas;5290;0.0;71.875;0.1890359168241966;54.6875;0.0;7.561436672967864
170130;2022;TO;Aragominas;5290;14.492753623188406;79.71014492753623;0.1890359168241966;60.86956521739131;0.0;11.342155009451794
170190;2021;TO;Araguacema;5927;21.505376344086024;77.41935483870968;0.3374388392103931;54.83870967741935;1.7857142857142856;69.17496203813059
170190;2022;TO;Araguacema;5927;28.169014084507044;78.87323943661971;0.3374388392103931;49.29577464788733;0.0;70.86215623418255
170200;2021;TO;Araguaçu;8133;0.0;70.2127659574468;0.24591171769334808;67.02127659574468;3.3333333333333335;41.804992007869174
170200;2022;TO;Araguaçu;8133;0.0;71.15384615384616;0.24591171769334808;68.26923076923077;1.6129032258064515;61.477929423337024
170210;2021;TO;Araguaína;171301;13.442622950819672;69.54098360655738;0.01167535507673627;62.295081967213115;0.78064012490242;9.865675039842149
170210;2022;TO;Araguaína;171301;9.456264775413711;72.44174265450862;0.01167535507673627;65.11313745356298;2.1455223880597014;12.375876381340449
170215;2021;TO;Araguanã;4310;0.0;64.0625;0.46403712296983757;43.75;2.7777777777777777;32.48259860788863
170215;2022;TO;Araguanã;4310;66.66666666666667;68.88888888888889;0.46403712296983757;48.888888888888886;7.6923076923076925;30.162412993039442
170220;2021;TO;Araguatins;31918;6.5359477124183005;75.38126361655773;0.0626605677047434;38.344226579520694;3.2128514056224895;13.785324895043548
170220;2022;TO;Araguatins;31918;16.913319238900634;73.57293868921776;0.0626605677047434;40.803382663847785;5.392156862745098;12.532113540948682
170230;2021;TO;Arapoema;5550;10.869565217391305;90.21739130434783;0.36036036036036034;55.434782608695656;2.083333333333333;34.234234234234236
170230;2022;TO;Arapoema;5550;0.0;90.2439024390244;0.36036036036036034;48.78048780487805;6.122448979591836;45.04504504504504
170240;2021;TO;Arraias;10287;29.197080291970803;59.854014598540154;0.1944201419267036;43.06569343065693;9.195402298850574;32.079323417906096
170240;2022;TO;Arraias;10287;9.523809523809526;75.23809523809524;0.1944201419267036;54.285714285714285;12.82051282051282;38.88402838534072
170255;2021;TO;Augustinópolis;17484;10.0;71.0;0.11439029970258523;45.0;0.7194244604316548;12.010981468771448
170255;2022;TO;Augustinópolis;17484;6.825938566552901;78.15699658703072;0.11439029970258523;50.85324232081911;2.479338842975207;12.582932967284373
170270;2021;TO;Aurora do Tocantins;3342;0.0;58.620689655172406;0.2992220227408737;37.93103448275862;6.0606060606060606;14.961101137043686
170270;2022;TO;Aurora do Tocantins;3342;0.0;75.0;0.2992220227408737;50.0;4.166666666666666;8.976660682226212
170290;2021;TO;Axixá do Tocantins;10262;10.101010101010102;55.55555555555556;0.19489378288832584;47.474747474747474;4.040404040404041;16.565971545507697
170290;2022;TO;Axixá do Tocantins;10262;6.097560975609756;71.34146341463415;0.19489378288832584;45.73170731707317;2.197802197802198;10.719158058857923
170300;2021;TO;Babaçulândia;7880;21.73913043478261;61.95652173913043;0.2538071065989848;50.0;1.8518518518518516;10.152284263959391
170300;2022;TO;Babaçulândia;7880;0.0;81.72043010752688;0.2538071065989848;58.06451612903226;3.1746031746031744;11.421319796954316
170305;2021;TO;Bandeirantes do Tocantins;3407;17.543859649122805;84.21052631578947;0.587026709715292;47.368421052631575;0.0;11.74053419430584
170305;2022;TO;Bandeirantes do Tocantins;3407;40.0;68.0;0.587026709715292;66.0;4.761904761904762;23.48106838861168
170307;2021;TO;Barra do Ouro;4476;10.638297872340425;51.06382978723404;0.22341376228775692;56.38297872340425;31.57894736842105;6.702412868632708
170307;2022;TO;Barra do Ouro;4476;14.705882352941176;63.23529411764706;0.44682752457551383;39.705882352941174;0.0;6.702412868632708
170310;2021;TO;Barrolândia;4846;16.393442622950822;52.459016393442624;0.41271151465125877;59.01639344262295;1.5151515151515151;12.381345439537762
170310;2022;TO;Barrolândia;4846;16.393442622950822;49.18032786885246;0.41271151465125877;44.26229508196721;4.545454545454546;16.50846058605035
170320;2021;TO;Bernardo Sayão;4229;19.607843137254903;76.47058823529412;0.4729250413809411;62.745098039215684;7.894736842105263;16.55237644833294
170320;2022;TO;Bernardo Sayão;4229;22.22222222222222;93.33333333333333;0.4729250413809411;51.11111111111111;8.695652173913043;26.01087727595176
170330;2021;TO;Bom Jesus do Tocantins;4038;13.698630136986301;67.12328767123287;0.24764735017335313;54.794520547945204;0.0;29.717682020802375
170330;2022;TO;Bom Jesus do Tocantins;4038;11.76470588235294;81.17647058823529;0.49529470034670625;71.76470588235294;3.8461538461538463;24.764735017335312
170360;2021;TO;Brasilândia do Tocantins;1974;33.333333333333336;66.66666666666666;0.5065856129685917;70.0;0.0;5.065856129685917
170360;2022;TO;Brasilândia do Tocantins;1974;0.0;57.14285714285714;0.5065856129685917;53.57142857142857;0.0;5.065856129685917
170370;2021;TO;Brejinho de Nazaré;4725;0.0;76.66666666666667;0.4232804232804233;45.0;0.0;6.349206349206349
170370;2022;TO;Brejinho de Nazaré;4725;0.0;77.35849056603774;0.4232804232804233;45.28301886792453;1.9230769230769231;12.698412698412698
170380;2021;TO;Buriti do Tocantins;10307;6.8493150684931505;71.91780821917808;0.1940428834772485;45.89041095890411;0.0;4.851072086931212
170380;2022;TO;Buriti do Tocantins;10307;8.333333333333334;79.16666666666666;0.1940428834772485;41.66666666666667;0.0;3.8808576695449695
170382;2021;TO;Cachoeirinha;1961;0.0;78.78787878787878;0.5099439061703213;54.54545454545454;0.0;10.198878123406425
170382;2022;TO;Cachoeirinha;1961;0.0;61.53846153846154;0.5099439061703213;76.92307692307693;6.25;0.0
170384;2021;TO;Campos Lindos;8653;5.88235294117647;78.23529411764706;0.11556685542586387;43.529411764705884;0.0;0.0
170384;2022;TO;Campos Lindos;8653;18.75;80.625;0.23113371085172774;53.75;0.0;9.24534843406911
170386;2021;TO;Cariri do Tocantins;4007;0.0;83.33333333333334;0.4991265285749938;64.81481481481481;3.4482758620689653;4.991265285749938
170386;2022;TO;Cariri do Tocantins;4007;0.0;93.22033898305084;0.4991265285749938;66.10169491525424;0.0;7.486897928624906
170388;2021;TO;Carmolândia;2201;0.0;63.888888888888886;0.45433893684688775;63.888888888888886;0.0;4.543389368468878
170388;2022;TO;Carmolândia;2201;0.0;70.37037037037037;0.45433893684688775;51.85185185185185;0.0;27.260336210813268
170389;2021;TO;Carrasco Bonito;3318;36.36363636363636;61.81818181818181;0.6027727546714888;34.54545454545455;9.090909090909092;21.09704641350211
170389;2022;TO;Carrasco Bonito;3318;0.0;85.18518518518519;0.6027727546714888;44.44444444444444;3.4482758620689653;6.027727546714888
170390;2021;TO;Caseara;4847;11.76470588235294;64.70588235294117;0.20631318341242005;51.76470588235295;0.0;8.252527336496803
170390;2022;TO;Caseara;4847;0.0;75.80645161290323;0.4126263668248401;45.16129032258064;5.263157894736842;0.0
170410;2021;TO;Centenário;2131;0.0;60.0;0.46926325668700136;52.0;0.0;14.077897700610043
170410;2022;TO;Centenário;2131;66.66666666666667;60.0;0.46926325668700136;53.333333333333336;0.0;4.692632566870014
170460;2021;TO;Chapada de Areia;1501;0.0;53.84615384615385;0.6662225183211192;53.84615384615385;0.0;6.662225183211192
170460;2022;TO;Chapada de Areia;1501;0.0;57.692307692307686;1.3324450366422385;53.84615384615385;0.0;6.662225183211192
170510;2021;TO;Chapada da Natividade;3117;20.0;72.0;0.32082130253448826;56.00000000000001;0.0;9.624639076034649
170510;2022;TO;Chapada da Natividade;3117;0.0;79.06976744186046;0.32082130253448826;55.81395348837209;0.0;6.416426050689766
170550;2021;TO;Colinas do Tocantins;34233;10.15228426395939;68.02030456852792;0.0584231589402039;61.25211505922166;0.8849557522123894;16.06636870855607
170550;2022;TO;Colinas do Tocantins;34233;11.741682974559687;74.75538160469667;0.0584231589402039;70.0587084148728;0.4464285714285714;15.190021324453012
170555;2021;TO;Combinado;4756;37.03703703703704;68.51851851851852;0.21026072329688814;57.407407407407405;0.0;4.205214465937763
170555;2022;TO;Combinado;4756;0.0;80.7017543859649;0.21026072329688814;70.17543859649122;0.0;12.615643397813288
170560;2021;TO;Conceição do Tocantins;3887;17.241379310344826;91.37931034482759;0.2572678157962439;51.724137931034484;8.333333333333332;7.718034473887317
170560;2022;TO;Conceição do Tocantins;3887;38.46153846153847;82.6923076923077;0.5145356315924878;48.07692307692308;12.0;7.718034473887317
170600;2021;TO;Couto Magalhães;5331;0.0;73.41772151898735;0.37516413430876006;67.08860759493672;3.0303030303030303;1.8758206715438004
170600;2022;TO;Couto Magalhães;5331;15.384615384615385;70.76923076923077;0.37516413430876006;58.46153846153847;2.5;9.379103357719002
170610;2021;TO;Cristalândia;6371;26.31578947368421;72.36842105263158;0.31392246115209543;47.368421052631575;5.333333333333334;10.987286140323341
170610;2022;TO;Cristalândia;6371;27.397260273972602;82.1917808219178;0.31392246115209543;43.83561643835616;7.8431372549019605;6.278449223041909
170625;2021;TO;Crixás do Tocantins;1470;0.0;64.70588235294117;0.6802721088435374;76.47058823529412;0.0;0.0
170625;2022;TO;Crixás do Tocantins;1470;0.0;81.25;0.6802721088435374;62.5;0.0;13.605442176870747
170650;2021;TO;Darcinópolis;5827;9.00900900900901;58.55855855855856;0.3432297923459756;52.25225225225225;0.0;8.58074480864939
170650;2022;TO;Darcinópolis;5827;19.607843137254903;66.66666666666666;0.1716148961729878;50.98039215686274;2.857142857142857;25.742234425948173
170700;2021;TO;Dianópolis;17739;13.377926421404682;72.24080267558529;0.1127459270533852;50.836120401337794;0.0;10.147133434804667
170700;2022;TO;Dianópolis;17739;24.054982817869416;69.41580756013745;0.1127459270533852;53.264604810996566;0.0;11.838322340605444
170710;2021;TO;Divinópolis do Tocantins;7024;9.523809523809526;87.61904761904762;0.2847380410022779;46.666666666666664;0.0;35.59225512528474
170710;2022;TO;Divinópolis do Tocantins;7024;11.494252873563218;86.20689655172413;0.2847380410022779;41.37931034482759;0.0;37.01594533029613
170720;2021;TO;Dois Irmãos do Tocantins;6327;0.0;72.72727272727273;0.316105579263474;46.96969696969697;0.0;3.1610557926347402
170720;2022;TO;Dois Irmãos do Tocantins;6327;24.390243902439025;78.04878048780488;0.316105579263474;52.4390243902439;0.0;0.0
170730;2021;TO;Dueré;4248;0.0;75.43859649122807;0.4708097928436911;54.385964912280706;6.0606060606060606;4.708097928436911
170730;2022;TO;Dueré;4248;0.0;79.3103448275862;0.4708097928436911;62.06896551724138;5.263157894736842;4.708097928436911
170740;2021;TO;Esperantina;7530;0.0;69.7841726618705;0.2656042496679947;37.410071942446045;9.375;2.6560424966799467
170740;2022;TO;Esperantina;7530;25.423728813559325;68.64406779661016;0.2656042496679947;32.20338983050847;0.0;9.296148738379815
170755;2021;TO;Fátima;3467;40.816326530612244;67.3469387755102;0.28843380444188055;51.02040816326531;0.0;11.537352177675222
170755;2022;TO;Fátima;3467;0.0;67.9245283018868;0.28843380444188055;41.509433962264154;3.225806451612903;20.19036631093164
170765;2021;TO;Figueirópolis;5211;49.18032786885246;54.09836065573771;0.38380349261178276;67.21311475409836;11.363636363636363;3.8380349261178273
170765;2022;TO;Figueirópolis;5211;0.0;39.6551724137931;0.38380349261178276;63.793103448275865;9.375;0.0
170770;2021;TO;Filadélfia;7712;0.0;51.06382978723404;0.25933609958506226;50.0;0.0;11.6701244813278
170770;2022;TO;Filadélfia;7712;0.0;59.80392156862745;0.25933609958506226;59.80392156862745;4.3478260869565215;10.37344398340249
170820;2021;TO;Formoso do Araguaia;18881;6.7114093959731544;64.09395973154362;0.1059265928711403;58.38926174496645;1.3245033112582782;12.181558180181133
170820;2022;TO;Formoso do Araguaia;18881;10.79136690647482;65.46762589928058;0.1059265928711403;62.589928057553955;2.2388059701492535;38.13357343361051
170825;2021;TO;Tabocão;3455;35.08771929824561;57.89473684210527;0.5788712011577424;71.9298245614035;3.7037037037037033;0.0
170825;2022;TO;Tabocão;3455;0.0;74.54545454545455;0.5788712011577424;81.81818181818183;0.0;2.894356005788712
170830;2021;TO;Goianorte;4738;0.0;68.85245901639344;0.4221190375685943;73.77049180327869;11.627906976744185;0.0
170830;2022;TO;Goianorte;4738;0.0;67.3469387755102;0.4221190375685943;61.224489795918366;0.0;14.774166314900802
170900;2021;TO;Goiatins;12433;19.230769230769234;58.17307692307693;0.16086222150727902;38.94230769230769;2.1052631578947367;9.651733290436741
170900;2022;TO;Goiatins;12433;34.04255319148936;59.57446808510638;0.16086222150727902;42.5531914893617;10.0;5.630177752754766
170930;2021;TO;Guaraí;24775;8.241758241758243;62.91208791208791;0.08072653884964683;73.9010989010989;2.2522522522522523;8.476286579212918
170930;2022;TO;Guaraí;24775;18.18181818181818;70.3030303030303;0.08072653884964683;71.51515151515152;4.0;10.898082744702322
170950;2021;TO;Gurupi;85125;11.876484560570072;69.27949326999209;0.023494860499265784;75.05938242280284;1.3315579227696404;6.813509544787078
170950;2022;TO;Gurupi;85125;6.430868167202572;75.96463022508038;0.023494860499265784;72.90996784565917;1.3307984790874523;8.928046989720999
170980;2021;TO;Ipueiras;1590;40.0;64.0;0.6289308176100629;68.0;0.0;12.578616352201257
170980;2022;TO;Ipueiras;1590;0.0;55.55555555555556;0.6289308176100629;88.88888888888889;0.0;0.0
171050;2021;TO;Itacajá;6819;31.496062992125985;55.90551181102362;0.2932981375568265;47.24409448818898;1.6129032258064515;8.798944126704797
171050;2022;TO;Itacajá;6819;16.80672268907563;62.18487394957983;0.2932981375568265;37.81512605042017;7.2727272727272725;14.664906877841325
171070;2021;TO;Itaguatins;5172;15.151515151515152;53.03030303030303;0.19334880123743234;45.45454545454545;3.7037037037037033;5.800464037122969
171070;2022;TO;Itaguatins;5172;15.625;59.375;0.3866976024748647;45.3125;8.108108108108109;7.733952049497294
171090;2021;TO;Itapiratins;3577;0.0;74.54545454545455;0.2795638803466592;65.45454545454545;0.0;8.386916410399776
171090;2022;TO;Itapiratins;3577;0.0;83.6734693877551;0.2795638803466592;73.46938775510205;4.545454545454546;2.795638803466592
171110;2021;TO;Itaporã do Tocantins;2404;0.0;81.57894736842105;0.831946755407654;86.8421052631579;0.0;4.159733777038269
171110;2022;TO;Itaporã do Tocantins;2404;0.0;82.6086956521739;0.415973377703827;76.08695652173914;0.0;8.319467554076539
171150;2021;TO;Jaú do Tocantins;3334;34.48275862068965;62.06896551724138;0.5998800239952009;68.96551724137932;0.0;5.9988002399520095
171150;2022;TO;Jaú do Tocantins;3334;29.41176470588235;79.41176470588235;0.5998800239952009;58.82352941176471;0.0;0.0
171180;2021;TO;Juarina;2243;27.027027027027028;70.27027027027027;0.44583147570218457;67.56756756756756;0.0;4.458314757021846
171180;2022;TO;Juarina;2243;28.57142857142857;91.42857142857143;0.44583147570218457;68.57142857142857;0.0;0.0
171190;2021;TO;Lagoa da Confusão;15288;13.84083044982699;73.35640138408304;0.13082155939298798;56.05536332179931;1.1363636363636365;1.9623233908948197
171190;2022;TO;Lagoa da Confusão;15288;19.230769230769234;71.53846153846153;0.13082155939298798;50.0;4.166666666666666;7.195185766614339
171195;2021;TO;Lagoa do Tocantins;3516;0.0;73.01587301587301;0.5688282138794084;39.682539682539684;0.0;8.532423208191126
171195;2022;TO;Lagoa do Tocantins;3516;0.0;70.66666666666667;0.5688282138794084;49.333333333333336;8.695652173913043;5.688282138794084
171200;2021;TO;Lajeado;3357;0.0;58.620689655172406;0.5957700327673517;55.172413793103445;8.333333333333332;20.85195114685731
171200;2022;TO;Lajeado;3357;23.25581395348837;69.76744186046511;0.29788501638367587;55.81395348837209;0.0;20.85195114685731
171215;2021;TO;Lavandeira;1626;55.55555555555555;77.77777777777779;1.2300123001230012;50.0;9.090909090909092;6.150061500615006
171215;2022;TO;Lavandeira;1626;86.95652173913044;56.52173913043478;1.2300123001230012;60.86956521739131;0.0;67.65067650676507
171240;2021;TO;Lizarda;2999;0.0;32.075471698113205;0.33344448149383127;39.62264150943396;8.695652173913043;6.668889629876625
171240;2022;TO;Lizarda;2999;22.727272727272727;61.36363636363637;0.33344448149383127;47.72727272727273;0.0;6.668889629876625
171245;2021;TO;Luzinópolis;2717;44.44444444444444;73.33333333333333;0.736105999263894;55.55555555555556;0.0;3.68052999631947
171245;2022;TO;Luzinópolis;2717;0.0;75.0;0.736105999263894;58.333333333333336;0.0;11.04158998895841
171250;2021;TO;Marianópolis do Tocantins;4615;46.15384615384615;63.07692307692307;0.4333694474539545;46.15384615384615;5.714285714285714;4.333694474539545
171250;2022;TO;Marianópolis do Tocantins;4615;12.987012987012989;81.81818181818183;0.4333694474539545;51.94805194805194;0.0;13.001083423618637
171270;2021;TO;Mateiros;2748;50.0;72.5;0.727802037845706;50.0;0.0;10.91703056768559
171270;2022;TO;Mateiros;2748;40.816326530612244;71.42857142857143;0.727802037845706;48.97959183673469;7.6923076923076925;10.91703056768559
171280;2021;TO;Maurilândia do Tocantins;3095;83.33333333333333;83.33333333333334;0.6462035541195477;36.11111111111111;0.0;0.0
171280;2022;TO;Maurilândia do Tocantins;3095;28.57142857142857;77.14285714285715;0.32310177705977383;48.57142857142857;0.0;6.462035541195477
171320;2021;TO;Miracema do Tocantins;18566;20.338983050847457;54.57627118644067;0.10772379618657761;59.32203389830508;3.1413612565445024;15.619950447053755
171320;2022;TO;Miracema do Tocantins;18566;18.51851851851852;65.92592592592592;0.10772379618657761;59.25925925925925;4.026845637583892;9.695141656791986
171330;2021;TO;Miranorte;12701;17.142857142857142;66.28571428571428;0.15746791591213288;50.28571428571429;2.142857142857143;10.235414534288639
171330;2022;TO;Miranorte;12701;26.31578947368421;75.26315789473685;0.15746791591213288;63.68421052631579;0.0;8.66073537516731
171360;2021;TO;Monte do Carmo;5694;11.627906976744185;73.25581395348837;0.3512469265893923;43.02325581395349;2.3255813953488373;15.806111696522656
171360;2022;TO;Monte do Carmo;5694;28.985507246376812;71.01449275362319;0.3512469265893923;44.927536231884055;3.125;22.831050228310502
171370;2021;TO;Monte Santo do Tocantins;2396;0.0;71.42857142857143;0.41736227045075125;57.14285714285714;8.0;12.520868113522537
171370;2022;TO;Monte Santo do Tocantins;2396;0.0;75.0;0.8347245409015025;55.00000000000001;5.88235294117647;4.173622704507513
171380;2021;TO;Palmeiras do Tocantins;4872;0.0;69.44444444444444;0.41050903119868637;51.388888888888886;11.428571428571429;10.262725779967159
171380;2022;TO;Palmeiras do Tocantins;4872;0.0;81.69014084507043;0.41050903119868637;49.29577464788733;6.666666666666667;4.105090311986864
171395;2021;TO;Muricilândia;3367;36.36363636363636;81.81818181818183;0.5940005940005939;45.45454545454545;0.0;0.0
171395;2022;TO;Muricilândia;3367;0.0;85.71428571428571;0.29700029700029695;54.285714285714285;0.0;5.94000594000594
171420;2021;TO;Natividade;8754;29.12621359223301;71.84466019417476;0.2284669865204478;47.57281553398058;4.2105263157894735;11.42334932602239
171420;2022;TO;Natividade;8754;18.18181818181818;72.72727272727273;0.2284669865204478;42.72727272727273;10.0;14.850354123829106
171430;2021;TO;Nazaré;4521;16.129032258064516;69.35483870967742;0.44238000442380004;69.35483870967742;0.0;8.847600088476002
171430;2022;TO;Nazaré;4521;32.786885245901644;90.1639344262295;0.44238000442380004;67.21311475409836;4.166666666666666;2.2119000221190004
171488;2021;TO;Nova Olinda;10367;0.0;72.22222222222221;0.1929198418057297;54.32098765432099;0.0;3.8583968361145944
171488;2022;TO;Nova Olinda;10367;24.242424242424242;81.21212121212122;0.1929198418057297;58.18181818181818;0.0;10.610591299315136
171500;2021;TO;Nova Rosalândia;3362;0.0;75.0;0.5948839976204641;56.25;0.0;5.94883997620464
171500;2022;TO;Nova Rosalândia;3362;0.0;82.85714285714286;0.5948839976204641;34.285714285714285;0.0;8.92325996430696
171510;2021;TO;Novo Acordo;3969;0.0;69.35483870967742;0.2519526329050139;50.0;3.3333333333333335;15.117157974300833
171510;2022;TO;Novo Acordo;3969;12.048192771084338;51.80722891566265;0.2519526329050139;44.57831325301205;10.714285714285714;2.5195263290501386
171515;2021;TO;Novo Alegre;1846;0.0;95.65217391304348;0.5417118093174431;47.82608695652174;9.523809523809524;21.668472372697725
171515;2022;TO;Novo Alegre;1846;90.9090909090909;72.72727272727273;0.5417118093174431;63.63636363636363;5.555555555555555;5.417118093174431
171525;2021;TO;Novo Jardim;2230;0.0;69.76744186046511;0.4484304932735426;46.51162790697674;7.142857142857142;17.937219730941703
171525;2022;TO;Novo Jardim;2230;0.0;50.0;0.4484304932735426;56.25;23.52941176470588;26.90582959641256
171550;2021;TO;Oliveira de Fátima;1164;0.0;87.5;0.8591065292096219;25.0;0.0;0.0
171550;2022;TO;Oliveira de Fátima;1164;0.0;90.47619047619048;0.8591065292096219;71.42857142857143;16.666666666666664;8.59106529209622
171570;2021;TO;Palmeirante;4798;0.0;50.0;0.41684035014589416;56.00000000000001;0.0;12.505210504376823
171570;2022;TO;Palmeirante;4798;48.387096774193544;56.451612903225815;0.41684035014589416;58.06451612903226;2.7027027027027026;8.336807002917883
171575;2021;TO;Palmeirópolis;6975;11.76470588235294;80.0;0.2867383512544803;62.35294117647059;1.2345679012345678;4.301075268817204
171575;2022;TO;Palmeirópolis;6975;0.0;84.52380952380952;0.2867383512544803;64.28571428571429;2.564102564102564;11.469534050179211
171610;2021;TO;Paraíso do Tocantins;52360;17.61006289308176;77.35849056603774;0.03819709702062643;54.59119496855346;0.23148148148148145;7.257448433919022
171610;2022;TO;Paraíso do Tocantins;52360;6.578947368421052;78.02631578947368;0.03819709702062643;62.89473684210526;0.2840909090909091;10.122230710466004
171620;2021;TO;Paranã;10542;18.51851851851852;55.55555555555556;0.1897173211914248;50.0;0.0;20.868905331056727
171620;2022;TO;Paranã;10542;28.368794326241133;70.2127659574468;0.1897173211914248;55.319148936170215;1.2345679012345678;21.81749193701385
171630;2021;TO;Pau D'Arco;4043;15.151515151515152;74.24242424242425;0.4946821667078902;50.0;5.88235294117647;24.73410833539451
171630;2022;TO;Pau D'Arco;4043;20.0;80.0;0.4946821667078902;44.0;3.3333333333333335;14.840465001236705
171650;2021;TO;Pedro Afonso;14055;13.636363636363635;66.81818181818183;0.14229811454998223;70.45454545454545;12.871287128712872;34.15154749199573
171650;2022;TO;Pedro Afonso;14055;27.027027027027028;65.76576576576578;0.14229811454998223;66.21621621621621;7.0588235294117645;44.112415510494486
171660;2021;TO;Peixe;9317;0.0;71.53846153846153;0.2146613716861651;53.07692307692308;0.0;27.905978319201463
171660;2022;TO;Peixe;9317;24.390243902439025;78.04878048780488;0.2146613716861651;61.78861788617886;0.0;8.586454867446603
171665;2021;TO;Pequizeiro;4921;14.705882352941176;80.88235294117648;0.406421459053038;76.47058823529412;6.666666666666667;2.03210729526519
171665;2022;TO;Pequizeiro;4921;31.25;82.8125;0.406421459053038;71.875;0.0;10.16053647632595
171670;2021;TO;Colméia;8941;8.064516129032258;80.64516129032258;0.2236886254333967;78.2258064516129;0.0;11.184431271669835
171670;2022;TO;Colméia;8941;0.0;78.30188679245283;0.2236886254333967;66.98113207547169;1.6666666666666667;15.65820378033777
171700;2021;TO;Pindorama do Tocantins;4478;0.0;70.45454545454545;0.4466279589102278;59.09090909090909;12.121212121212121;11.165698972755694
171700;2022;TO;Pindorama do Tocantins;4478;32.25806451612903;67.74193548387096;0.4466279589102278;38.70967741935484;0.0;24.564537740062526
171720;2021;TO;Piraquê;2282;0.0;70.27027027027027;0.8764241893076249;45.94594594594595;0.0;8.76424189307625
171720;2022;TO;Piraquê;2282;0.0;90.9090909090909;0.43821209465381245;63.63636363636363;13.333333333333334;39.439088518843114
171750;2021;TO;Pium;7128;12.195121951219512;70.73170731707317;0.28058361391694725;46.34146341463415;4.3478260869565215;51.90796857463524
171750;2022;TO;Pium;7128;0.0;72.63157894736842;0.28058361391694725;37.89473684210527;2.2222222222222223;109.42760942760943
171780;2021;TO;Ponte Alta do Bom Jesus;4220;0.0;73.52941176470588;0.23696682464454977;41.17647058823529;0.0;21.327014218009477
171780;2022;TO;Ponte Alta do Bom Jesus;4220;0.0;82.92682926829268;0.47393364928909953;56.09756097560976;4.166666666666666;9.47867298578199
171790;2021;TO;Ponte Alta do Tocantins;7586;8.403361344537815;74.78991596638656;0.2636435539151068;40.33613445378151;0.0;3.9546533087266016
171790;2022;TO;Ponte Alta do Tocantins;7586;19.230769230769234;73.07692307692307;0.2636435539151068;46.15384615384615;3.8461538461538463;15.818613234906406
171800;2021;TO;Porto Alegre do Tocantins;2866;0.0;64.58333333333334;0.34891835310537334;52.083333333333336;10.526315789473683;31.4026517794836
171800;2022;TO;Porto Alegre do Tocantins;2866;54.054054054054056;67.56756756756756;0.6978367062107467;62.16216216216216;14.285714285714285;24.424284717376132
171820;2021;TO;Porto Nacional;64418;14.349775784753364;69.86547085201794;0.031047222825918222;58.02690582959641;1.1173184357541899;11.487472445589743
171820;2022;TO;Porto Nacional;64418;15.609756097560975;71.1219512195122;0.031047222825918222;58.829268292682926;0.4424778761061947;17.386444782514204
171830;2021;TO;Praia Norte;9044;0.0;67.67676767676768;0.22114108801415305;44.44444444444444;1.6666666666666667;2.2114108801415306
171830;2022;TO;Praia Norte;9044;0.0;70.32967032967034;0.22114108801415305;46.15384615384615;2.941176470588235;6.6342326404245915
171840;2021;TO;Presidente Kennedy;3047;0.0;86.36363636363636;0.6563833278634722;61.36363636363637;5.714285714285714;3.281916639317361
171840;2022;TO;Presidente Kennedy;3047;0.0;87.87878787878788;0.3281916639317361;63.63636363636363;6.451612903225806;32.81916639317362
171845;2021;TO;Pugmil;2193;0.0;80.64516129032258;0.45599635202918376;64.51612903225806;0.0;0.0
171845;2022;TO;Pugmil;2193;0.0;79.3103448275862;0.45599635202918376;48.275862068965516;0.0;9.119927040583676
171850;2021;TO;Recursolândia;3421;0.0;85.0;0.29231218941829873;51.66666666666667;0.0;17.538731365097924
171850;2022;TO;Recursolândia;3421;0.0;77.27272727272727;0.5846243788365975;46.96969696969697;0.0;26.30809704764689
171855;2021;TO;Riachinho;3960;15.151515151515152;77.27272727272727;0.5050505050505051;60.60606060606061;0.0;12.626262626262628
171855;2022;TO;Riachinho;3960;0.0;71.1864406779661;0.5050505050505051;52.54237288135594;0.0;27.77777777777778
171865;2021;TO;Rio da Conceição;1768;96.77419354838709;58.06451612903226;0.5656108597285069;38.70967741935484;0.0;0.0
171865;2022;TO;Rio da Conceição;1768;0.0;70.83333333333334;0.5656108597285069;45.83333333333333;0.0;11.312217194570136
171870;2021;TO;Rio dos Bois;2738;25.0;72.5;0.36523009495982467;52.5;0.0;0.0
171870;2022;TO;Rio dos Bois;2738;0.0;90.625;0.7304601899196493;68.75;0.0;14.609203798392988
171875;2021;TO;Rio Sono;4841;14.925373134328359;73.13432835820896;0.4131377814501136;50.74626865671642;0.0;2.065688907250568
171875;2022;TO;Rio Sono;4841;15.873015873015872;74.60317460317461;0.4131377814501136;50.79365079365079;2.941176470588235;8.262755629002273
171880;2021;TO;Sampaio;4215;11.363636363636363;80.68181818181817;0.47449584816132856;39.77272727272727;5.88235294117647;11.862396204033216
171880;2022;TO;Sampaio;4215;12.195121951219512;75.60975609756098;0.23724792408066428;42.68292682926829;3.7037037037037033;14.234875444839858
171884;2021;TO;Sandolândia;3723;0.0;81.81818181818183;0.5372011818426;77.27272727272727;0.0;18.802041364491004
171884;2022;TO;Sandolândia;3723;15.873015873015872;63.49206349206349;0.5372011818426;61.904761904761905;0.0;32.232070910556004
171886;2021;TO;Santa Fé do Araguaia;7216;0.0;85.96491228070175;0.2771618625277162;51.75438596491229;4.25531914893617;6.929046563192905
171886;2022;TO;Santa Fé do Araguaia;7216;8.264462809917356;76.85950413223141;0.2771618625277162;52.892561983471076;2.5;8.314855875831485
171888;2021;TO;Santa Maria do Tocantins;2680;0.0;56.41025641025641;0.746268656716418;69.23076923076923;0.0;29.850746268656717
171888;2022;TO;Santa Maria do Tocantins;2680;0.0;68.08510638297872;0.373134328358209;59.57446808510638;0.0;33.582089552238806
171889;2021;TO;Santa Rita do Tocantins;2219;0.0;83.33333333333334;0.9013068949977467;56.666666666666664;0.0;0.0
171889;2022;TO;Santa Rita do Tocantins;2219;0.0;85.18518518518519;0.9013068949977467;77.77777777777779;28.57142857142857;0.0
171890;2021;TO;Santa Rosa do Tocantins;4653;0.0;68.53932584269663;0.2149151085321298;48.31460674157304;5.88235294117647;6.447453255963894
171890;2022;TO;Santa Rosa do Tocantins;4653;27.397260273972602;79.45205479452055;0.2149151085321298;43.83561643835616;12.5;4.298302170642596
171900;2021;TO;Santa Tereza do Tocantins;2781;37.73584905660377;75.47169811320755;0.719165767709457;49.056603773584904;6.896551724137931;10.787486515641854
171900;2022;TO;Santa Tereza do Tocantins;2781;20.0;90.0;0.3595828838547285;46.0;0.0;0.0
172000;2021;TO;Santa Terezinha do Tocantins;2406;35.714285714285715;89.28571428571429;0.41562759767248547;64.28571428571429;12.5;4.156275976724855
172000;2022;TO;Santa Terezinha do Tocantins;2406;28.57142857142857;94.28571428571428;0.8312551953449709;45.714285714285715;11.11111111111111;16.62510390689942
172010;2021;TO;São Bento do Tocantins;5654;25.31645569620253;68.35443037974683;0.17686593562079944;44.303797468354425;8.333333333333332;5.3059780686239835
172010;2022;TO;São Bento do Tocantins;5654;0.0;78.43137254901961;0.17686593562079944;49.01960784313725;0.0;17.686593562079945
172015;2021;TO;São Félix do Tocantins;1783;0.0;57.14285714285714;0.5608524957936063;47.61904761904761;0.0;16.825574873808186
172015;2022;TO;São Félix do Tocantins;1783;0.0;50.0;0.5608524957936063;55.55555555555556;0.0;5.608524957936063
172020;2021;TO;São Miguel do Tocantins;13241;6.451612903225806;60.64516129032258;0.15104599350502226;45.16129032258064;1.4492753623188406;0.7552299675251114
172020;2022;TO;São Miguel do Tocantins;13241;6.896551724137931;64.13793103448275;0.15104599350502226;47.58620689655172;3.8461538461538463;1.5104599350502228
172025;2021;TO;São Salvador do Tocantins;2385;0.0;73.07692307692307;0.4192872117400419;57.692307692307686;0.0;0.0
172025;2022;TO;São Salvador do Tocantins;2385;0.0;73.68421052631578;0.8385744234800838;52.63157894736842;0.0;8.385744234800837
172030;2021;TO;São Sebastião do Tocantins;4100;17.857142857142858;80.35714285714286;0.4878048780487805;39.285714285714285;7.5;7.317073170731708
172030;2022;TO;São Sebastião do Tocantins;4100;16.129032258064516;83.87096774193549;0.4878048780487805;30.64516129032258;10.344827586206897;9.75609756097561
172049;2021;TO;São Valério;4422;0.0;77.5;0.4522840343735866;57.49999999999999;0.0;0.0
172049;2022;TO;São Valério;4422;18.867924528301884;81.13207547169812;0.4522840343735866;66.0377358490566;0.0;6.7842605156037985
172065;2021;TO;Silvanópolis;5108;0.0;65.07936507936508;0.39154267815191857;50.79365079365079;0.0;5.873140172278779
172065;2022;TO;Silvanópolis;5108;26.31578947368421;68.42105263157895;0.39154267815191857;50.0;1.9230769230769231;13.703993735317148
172080;2021;TO;Sítio Novo do Tocantins;10830;0.0;81.48148148148148;0.18467220683287164;47.40740740740741;0.0;1.8467220683287164
172080;2022;TO;Sítio Novo do Tocantins;10830;15.748031496062993;79.52755905511812;0.18467220683287164;46.45669291338583;0.0;1.8467220683287164
172085;2021;TO;Sucupira;1577;0.0;94.73684210526315;1.2682308180088777;68.42105263157895;0.0;0.0
172085;2022;TO;Sucupira;1577;0.0;92.85714285714286;0.6341154090044389;71.42857142857143;0.0;12.682308180088777
172090;2021;TO;Taguatinga;14011;0.0;61.27167630057804;0.14274498608236386;45.08670520231214;0.7633587786259541;19.27057312111912
172090;2022;TO;Taguatinga;14011;5.714285714285714;70.28571428571428;0.14274498608236386;57.714285714285715;3.125;12.847048747412746
172093;2021;TO;Taipas do Tocantins;2021;0.0;75.75757575757575;0.4948045522018803;48.484848484848484;12.5;9.896091044037606
172093;2022;TO;Taipas do Tocantins;2021;35.714285714285715;71.42857142857143;0.4948045522018803;28.57142857142857;11.11111111111111;9.896091044037606
172097;2021;TO;Talismã;2456;30.303030303030305;48.484848484848484;0.40716612377850164;66.66666666666666;0.0;12.214983713355048
172097;2022;TO;Talismã;2456;35.714285714285715;67.85714285714286;0.8143322475570033;67.85714285714286;0.0;12.214983713355048
172100;2021;TO;Palmas;302692;13.560008095527222;75.591985428051;0.006607376475096798;54.52337583485124;2.0908004778972518;7.730630475863253
172100;2022;TO;Palmas;302692;10.709785804283914;76.87946241075178;0.006607376475096798;54.99790004199916;1.5339663988312637;4.72427417969421
172110;2021;TO;Tocantínia;7459;10.582010582010582;48.67724867724868;0.2681324574339724;43.91534391534391;15.217391304347828;20.109934307547928
172110;2022;TO;Tocantínia;7459;5.88235294117647;38.23529411764706;0.2681324574339724;37.64705882352941;7.4074074074074066;24.131921169057513
172120;2021;TO;Tocantinópolis;22615;8.98876404494382;76.85393258426966;0.08843687817820031;43.59550561797752;0.6024096385542169;14.14990050851205
172120;2022;TO;Tocantinópolis;22615;15.105740181268883;77.64350453172206;0.08843687817820031;41.08761329305136;0.7518796992481203;20.34048198098607
172125;2021;TO;Tupirama;1909;0.0;73.52941176470588;0.5238344683080147;64.70588235294117;0.0;47.145102147721325
172125;2022;TO;Tupirama;1909;0.0;70.83333333333334;0.5238344683080147;66.66666666666666;10.0;47.145102147721325
172130;2021;TO;Tupiratins;1874;0.0;66.66666666666666;0.5336179295624334;60.60606060606061;22.22222222222222;5.3361792956243335
172130;2022;TO;Tupiratins;1874;0.0;69.56521739130434;0.5336179295624334;43.47826086956522;12.5;26.680896478121664
172208;2021;TO;Wanderlândia;10522;0.0;68.96551724137932;0.19007793195210038;55.172413793103445;0.0;6.652727618323513
172208;2022;TO;Wanderlândia;10522;16.666666666666668;72.5;0.19007793195210038;54.166666666666664;0.0;12.355065576886524
172210;2021;TO;Xambioá;10517;17.241379310344826;60.91954022988506;0.19016829894456594;64.36781609195403;1.9607843137254901;46.59123324141866
172210;2022;TO;Xambioá;10517;6.41025641025641;68.58974358974359;0.19016829894456594;57.05128205128205;2.564102564102564;75.11647808310354
520005;2021;GO;Abadia de Goiás;19128;18.779342723004696;57.27699530516433;0.10455876202425762;61.97183098591549;0.8928571428571428;2.6139690506064412
520005;2022;GO;Abadia de Goiás;19128;7.633587786259541;71.37404580152672;0.10455876202425762;58.396946564885496;2.0408163265306123;2.6139690506064412
520010;2021;GO;Abadiânia;17232;10.989010989010989;63.18681318681318;0.11606313834726091;58.24175824175825;0.7299270072992701;0.5803156917363046
520010;2022;GO;Abadiânia;17232;0.0;65.09433962264151;0.11606313834726091;61.32075471698113;0.7692307692307693;4.0622098421541315
520013;2021;GO;Acreúna;21568;8.368200836820083;67.78242677824268;0.0927299703264095;74.05857740585773;0.0;11.12759643916914
520013;2022;GO;Acreúna;21568;25.31645569620253;71.72995780590718;0.0927299703264095;78.48101265822784;0.5952380952380952;4.636498516320475
520015;2021;GO;Adelândia;2297;0.0;79.16666666666666;0.4353504571179799;87.5;4.0;0.0
520015;2022;GO;Adelândia;2297;0.0;72.41379310344827;0.8707009142359599;86.20689655172413;0.0;0.0
520017;2021;GO;Água Fria de Goiás;4954;20.408163265306122;65.3061224489796;0.4037141703673799;57.14285714285714;0.0;2.018570851836899
520017;2022;GO;Água Fria de Goiás;4954;38.46153846153847;69.23076923076923;0.4037141703673799;55.769230769230774;4.166666666666666;0.0
520020;2021;GO;Água Limpa;1858;58.8235294117647;82.35294117647058;0.5382131324004306;94.11764705882352;4.3478260869565215;5.382131324004305
520020;2022;GO;Água Limpa;1858;0.0;87.5;1.0764262648008611;87.5;5.263157894736842;5.382131324004305
520025;2021;GO;Águas Lindas de Goiás;225693;11.635423400129282;53.199741435035556;0.008861595175747587;42.30769230769231;2.9069767441860463;2.5255546250880623
520025;2022;GO;Águas Lindas de Goiás;225693;10.876519513755598;62.444017914267434;0.008861595175747587;42.00255918106206;3.7527593818984544;4.696645443146221
520030;2021;GO;Alexânia;27008;12.56281407035176;72.11055276381909;0.0740521327014218;57.537688442211056;0.7462686567164178;14.44016587677725
520030;2022;GO;Alexânia;27008;17.456359102244388;71.82044887780549;0.0740521327014218;63.591022443890274;0.9433962264150944;15.550947867298579
520050;2021;GO;Aloândia;1973;0.0;94.11764705882352;1.0136847440446022;82.35294117647058;8.108108108108109;0.0
520050;2022;GO;Aloândia;1973;0.0;94.44444444444444;1.0136847440446022;83.33333333333334;8.333333333333332;0.0
520055;2021;GO;Alto Horizonte;6072;0.0;66.08695652173913;0.32938076416337286;91.30434782608695;0.0;1.6469038208168643
520055;2022;GO;Alto Horizonte;6072;19.801980198019802;62.37623762376238;0.32938076416337286;83.16831683168317;2.857142857142857;1.6469038208168643
520060;2021;GO;Alto Paraíso de Goiás;10306;14.184397163120567;82.26950354609929;0.19406171162429653;36.87943262411347;1.8867924528301887;2.910925674364448
520060;2022;GO;Alto Paraíso de Goiás;10306;12.738853503184714;78.343949044586;0.19406171162429653;47.77070063694268;1.9607843137254901;6.792159906850379
520080;2021;GO;Alvorada do Norte;8446;22.900763358778626;70.99236641221374;0.23679848448969926;81.67938931297711;1.0752688172043012;30.783802983660905
520080;2022;GO;Alvorada do Norte;8446;9.615384615384617;74.03846153846155;0.23679848448969926;88.46153846153845;3.225806451612903;42.623727208145866
520082;2021;GO;Amaralina;3268;0.0;80.0;0.30599755201958384;70.0;0.0;0.0
520082;2022;GO;Amaralina;3268;0.0;68.42105263157895;0.30599755201958384;47.368421052631575;0.0;0.0
520085;2021;GO;Americano do Brasil;5259;0.0;82.92682926829268;0.38030043734550295;84.14634146341463;1.4285714285714286;13.310515307092604
520085;2022;GO;Americano do Brasil;5259;0.0;75.5813953488372;0.38030043734550295;82.55813953488372;0.0;3.8030043734550296
520090;2021;GO;Amorinópolis;3007;0.0;60.0;0.6651147322913202;84.0;2.7777777777777777;23.27901563019621
520090;2022;GO;Amorinópolis;3007;0.0;88.0;0.6651147322913202;76.0;16.129032258064516;49.88360492184902
520110;2021;GO;Anápolis;398869;10.932816081819785;71.60994533591959;0.005014177587127603;69.47628284253217;0.4011030333416896;4.613043380157396
520110;2022;GO;Anápolis;398869;15.034965034965035;68.3041958041958;0.005014177587127603;68.02447552447552;0.7738896366083445;6.1423675442313135
520120;2021;GO;Anhanguera;924;0.0;57.14285714285714;2.1645021645021645;71.42857142857143;0.0;0.0
520120;2022;GO;Anhanguera;924;0.0;77.77777777777779;2.1645021645021645;88.88888888888889;0.0;0.0
520130;2021;GO;Anicuns;18503;38.46153846153847;68.26923076923077;0.1080905799059612;86.0576923076923;0.5263157894736842;2.161811598119224
520130;2022;GO;Anicuns;18503;13.636363636363635;77.72727272727272;0.1080905799059612;86.36363636363636;0.6993006993006993;4.864076095768254
520140;2021;GO;Aparecida de Goiânia;527796;13.854253255749516;66.51426988085343;0.003789342852162578;65.51676364643946;0.19622271277900416;3.959863280509894
520140;2022;GO;Aparecida de Goiânia;527796;15.398152221733392;67.29725766241384;0.003789342852162578;64.7602287725473;0.8044554455445545;6.7639769911102015
520145;2021;GO;Aparecida do Rio Doce;2907;0.0;55.00000000000001;0.6879944960440316;65.0;0.0;3.4399724802201583
520145;2022;GO;Aparecida do Rio Doce;2907;0.0;66.66666666666666;0.6879944960440316;73.33333333333333;4.3478260869565215;0.0
520150;2021;GO;Aporé;4325;14.492753623188406;71.01449275362319;0.4624277456647399;78.26086956521739;0.0;2.312138728323699
520150;2022;GO;Aporé;4325;14.084507042253522;70.4225352112676;0.4624277456647399;70.4225352112676;0.0;6.936416184971098
520160;2021;GO;Araçu;3799;0.0;91.30434782608695;0.5264543300868649;65.21739130434783;4.545454545454546;10.5290866017373
520160;2022;GO;Araçu;3799;0.0;80.55555555555556;0.5264543300868649;72.22222222222221;2.857142857142857;18.425901553040273
520170;2021;GO;Aragarças;18390;27.149321266968325;58.82352941176471;0.10875475802066341;80.99547511312217;6.666666666666667;0.5437737901033171
520170;2022;GO;Aragarças;18390;25.380710659898476;76.14213197969542;0.10875475802066341;81.7258883248731;8.51063829787234;5.981511691136488
520180;2021;GO;Aragoiânia;11890;19.35483870967742;63.2258064516129;0.16820857863751051;67.0967741935484;0.0;1.682085786375105
520180;2022;GO;Aragoiânia;11890;14.925373134328359;72.38805970149254;0.16820857863751051;70.1492537313433;0.0;10.09251471825063
520215;2021;GO;Araguapaz;7153;0.0;68.42105263157895;0.2796029637914162;86.8421052631579;0.0;6.990074094785404
520215;2022;GO;Araguapaz;7153;44.44444444444444;80.0;0.2796029637914162;75.55555555555556;2.898550724637681;11.184118551656647
520235;2021;GO;Arenópolis;2946;0.0;93.33333333333333;0.678886625933469;80.0;3.3333333333333335;3.3944331296673456
520235;2022;GO;Arenópolis;2946;0.0;89.74358974358975;0.678886625933469;87.17948717948718;4.3478260869565215;13.577732518669382
520250;2021;GO;Aruanã;8300;0.0;89.8989898989899;0.24096385542168675;72.72727272727273;0.0;3.6144578313253013
520250;2022;GO;Aruanã;8300;60.60606060606061;84.84848484848484;0.24096385542168675;84.84848484848484;0.0;3.6144578313253013
520260;2021;GO;Aurilândia;3284;0.0;87.87878787878788;0.6090133982947624;96.96969696969697;0.0;6.090133982947624
520260;2022;GO;Aurilândia;3284;37.03703703703704;70.37037037037037;0.6090133982947624;74.07407407407408;0.0;3.045066991473812
520280;2021;GO;Avelinópolis;2868;43.47826086956522;60.86956521739131;0.6973500697350069;91.30434782608695;0.0;3.486750348675035
520280;2022;GO;Avelinópolis;2868;28.57142857142857;62.857142857142854;0.6973500697350069;80.0;4.166666666666666;13.94700139470014
520310;2021;GO;Baliza;3351;0.0;56.666666666666664;0.5968367651447329;90.0;0.0;0.0
520310;2022;GO;Baliza;3351;32.25806451612903;61.29032258064516;0.5968367651447329;93.54838709677419;4.3478260869565215;2.984183825723665
520320;2021;GO;Barro Alto;10371;14.084507042253522;83.09859154929578;0.19284543438434093;84.50704225352112;5.952380952380952;5.7853630315302285
520320;2022;GO;Barro Alto;10371;19.108280254777068;81.52866242038218;0.19284543438434093;80.2547770700637;2.73972602739726;9.642271719217048
520330;2021;GO;Bela Vista de Goiás;34445;7.142857142857142;61.904761904761905;0.05806357961968355;77.38095238095238;1.0638297872340425;13.0643054144288
520330;2022;GO;Bela Vista de Goiás;34445;18.64801864801865;74.12587412587412;0.05806357961968355;79.25407925407926;1.5686274509803921;16.54812019160981
520340;2021;GO;Bom Jardim de Goiás;7826;0.0;71.66666666666667;0.2555583950932788;88.33333333333333;7.000000000000001;1.277791975466394
520340;2022;GO;Bom Jardim de Goiás;7826;10.638297872340425;82.97872340425532;0.2555583950932788;92.5531914893617;10.81081081081081;6.38895987733197
520350;2021;GO;Bom Jesus de Goiás;23958;2.941176470588235;83.23529411764706;0.08347942232239754;79.70588235294119;1.574803149606299;27.965606478003174
520350;2022;GO;Bom Jesus de Goiás;23958;6.578947368421052;82.89473684210526;0.08347942232239754;84.21052631578947;0.5747126436781609;14.19150179480758
520355;2021;GO;Bonfinópolis;10296;32.520325203252035;75.60975609756098;0.19425019425019424;57.72357723577236;5.617977528089887;0.9712509712509713
520355;2022;GO;Bonfinópolis;10296;0.0;67.27272727272727;0.19425019425019424;55.45454545454545;1.5625;2.913752913752914
520357;2021;GO;Bonópolis;3299;0.0;80.95238095238095;0.6062443164595333;80.95238095238095;7.4074074074074066;9.093664746892998
520357;2022;GO;Bonópolis;3299;21.73913043478261;78.26086956521739;0.6062443164595333;76.08695652173914;0.0;12.124886329190664
520360;2021;GO;Brazabrantes;3992;0.0;77.5;0.501002004008016;65.0;0.0;2.5050100200400798
520360;2022;GO;Brazabrantes;3992;21.27659574468085;85.1063829787234;0.501002004008016;59.57446808510638;2.941176470588235;2.5050100200400798
520380;2021;GO;Britânia;5695;11.627906976744185;59.30232558139535;0.3511852502194908;76.74418604651163;0.0;31.60667251975417
520380;2022;GO;Britânia;5695;37.03703703703704;61.72839506172839;0.3511852502194908;61.72839506172839;3.3333333333333335;49.16593503072871
520390;2021;GO;Buriti Alegre;10495;0.0;71.68141592920354;0.19056693663649357;74.33628318584071;2.8846153846153846;33.34921391138637
520390;2022;GO;Buriti Alegre;10495;36.03603603603604;72.07207207207207;0.19056693663649357;72.97297297297297;0.0;24.773701762744164
520393;2021;GO;Buriti de Goiás;2732;0.0;90.9090909090909;0.7320644216691069;81.81818181818183;0.0;51.24450951683748
520393;2022;GO;Buriti de Goiás;2732;0.0;80.76923076923077;0.7320644216691069;88.46153846153845;0.0;10.980966325036604
520396;2021;GO;Buritinópolis;3145;0.0;76.92307692307693;0.6359300476947536;76.92307692307693;3.0303030303030303;0.0
520396;2022;GO;Buritinópolis;3145;0.0;89.1891891891892;0.6359300476947536;81.08108108108108;4.545454545454546;0.0
520400;2021;GO;Cabeceiras;7560;22.727272727272727;81.81818181818183;0.2645502645502646;55.68181818181818;0.0;7.936507936507937
520400;2022;GO;Cabeceiras;7560;49.504950495049506;73.26732673267327;0.2645502645502646;50.495049504950494;0.0;1.3227513227513228
520410;2021;GO;Cachoeira Alta;11513;9.00900900900901;89.1891891891892;0.17371666811430558;70.27027027027027;0.0;13.028750108572918
520410;2022;GO;Cachoeira Alta;11513;9.25925925925926;75.92592592592592;0.17371666811430558;78.70370370370371;0.0;20.846000173716668
520420;2021;GO;Cachoeira de Goiás;1405;0.0;84.21052631578947;1.4234875444839858;94.73684210526315;0.0;0.0
520420;2022;GO;Cachoeira de Goiás;1405;0.0;78.57142857142857;0.7117437722419929;71.42857142857143;0.0;0.0
520425;2021;GO;Cachoeira Dourada;7782;15.151515151515152;59.09090909090909;0.2570033410434336;74.24242424242425;21.59090909090909;7.710100231303007
520425;2022;GO;Cachoeira Dourada;7782;0.0;65.85365853658537;0.2570033410434336;63.41463414634146;16.3265306122449;7.710100231303007
520430;2021;GO;Caçu;13774;0.0;72.22222222222221;0.1452011035283868;81.48148148148148;0.7518796992481203;6.534049658777406
520430;2022;GO;Caçu;13774;7.142857142857142;77.85714285714286;0.1452011035283868;74.28571428571429;0.8547008547008548;3.63002758820967
520440;2021;GO;Caiapônia;16513;9.75609756097561;60.48780487804878;0.12111669593653485;88.29268292682927;1.1695906432748537;37.54617574032581
520440;2022;GO;Caiapônia;16513;5.714285714285714;73.71428571428571;0.12111669593653485;91.42857142857143;1.5625;29.068007024768363
520450;2021;GO;Caldas Novas;98622;14.285714285714285;82.06349206349206;0.020279450832471457;78.80952380952381;1.4473684210526316;3.3461093873577905
520450;2022;GO;Caldas Novas;98622;7.293354943273906;82.73905996758509;0.020279450832471457;72.6094003241491;3.169014084507042;5.0698627081178635
520455;2021;GO;Caldazinha;4507;0.0;76.47058823529412;0.4437541601952518;79.41176470588235;3.7037037037037033;2.2187708009762592
520455;2022;GO;Caldazinha;4507;0.0;78.125;0.4437541601952518;65.625;3.4482758620689653;2.2187708009762592
520460;2021;GO;Campestre de Goiás;3755;0.0;82.22222222222221;0.5326231691078561;82.22222222222221;0.0;2.6631158455392807
520460;2022;GO;Campestre de Goiás;3755;0.0;87.5;0.5326231691078561;68.75;0.0;2.6631158455392807
520465;2021;GO;Campinaçu;3708;0.0;70.27027027027027;0.5393743257820928;83.78378378378379;0.0;26.96871628910464
520465;2022;GO;Campinaçu;3708;0.0;88.23529411764706;0.5393743257820928;79.41176470588235;0.0;115.96548004314994
520470;2021;GO;Campinorte;12510;14.285714285714285;72.14285714285714;0.1598721023181455;73.57142857142858;0.9523809523809524;4.796163069544365
520470;2022;GO;Campinorte;12510;19.736842105263158;79.60526315789474;0.1598721023181455;78.28947368421053;1.3157894736842104;7.194244604316547
520480;2021;GO;Campo Alegre de Goiás;7422;11.363636363636363;79.54545454545455;0.26946914578280784;72.72727272727273;5.633802816901409;8.084074373484235
520480;2022;GO;Campo Alegre de Goiás;7422;12.195121951219512;87.8048780487805;0.26946914578280784;69.51219512195121;2.083333333333333;1.3473457289140394
520485;2021;GO;Campo Limpo de Goiás;8081;8.333333333333334;58.333333333333336;0.24749412201460216;61.66666666666667;0.0;0.0
520485;2022;GO;Campo Limpo de Goiás;8081;16.0;64.8;0.24749412201460216;69.6;4.166666666666666;1.2374706100730108
520490;2021;GO;Campos Belos;18108;20.0;73.66666666666667;0.1104484205875856;69.33333333333334;1.8181818181818181;6.074663132317208
520490;2022;GO;Campos Belos;18108;3.5842293906810037;75.98566308243727;0.1104484205875856;68.10035842293907;9.230769230769232;3.8656947205654957
520495;2021;GO;Campos Verdes;4005;0.0;57.14285714285714;0.4993757802746567;48.97959183673469;4.761904761904762;7.490636704119851
520495;2022;GO;Campos Verdes;4005;24.390243902439025;60.97560975609756;0.4993757802746567;53.65853658536586;2.2222222222222223;14.981273408239701
520500;2021;GO;Carmo do Rio Verde;9710;44.9438202247191;82.02247191011236;0.2059732234809475;75.28089887640449;0.0;4.11946446961895
520500;2022;GO;Carmo do Rio Verde;9710;0.0;77.64705882352942;0.2059732234809475;68.23529411764706;0.0;2.059732234809475
520505;2021;GO;Castelândia;2985;71.42857142857143;53.57142857142857;0.6700167504187605;60.71428571428571;0.0;40.20100502512563
520505;2022;GO;Castelândia;2985;66.66666666666667;56.666666666666664;0.6700167504187605;63.33333333333333;0.0;13.40033500837521
520510;2021;GO;Catalão;114427;7.857142857142858;84.92857142857143;0.0174783923374728;77.14285714285715;0.2068252326783868;4.893949854492384
520510;2022;GO;Catalão;114427;17.908309455587393;85.95988538681948;0.0174783923374728;82.02005730659026;0.7653061224489796;3.93263827593138
520520;2021;GO;Caturaí;5184;0.0;83.33333333333334;0.38580246913580246;85.71428571428571;0.0;7.716049382716049
520520;2022;GO;Caturaí;5184;55.55555555555555;85.18518518518519;0.38580246913580246;72.22222222222221;2.5;7.716049382716049
520530;2021;GO;Cavalcante;9583;36.76470588235294;59.55882352941176;0.2087029114056141;35.294117647058826;3.508771929824561;5.217572785140352
520530;2022;GO;Cavalcante;9583;13.698630136986301;67.8082191780822;0.2087029114056141;40.41095890410959;8.16326530612245;1.0435145570280706
520540;2021;GO;Ceres;22046;0.0;83.50877192982456;0.09071940488070399;77.19298245614034;1.2711864406779663;4.535970244035199
520540;2022;GO;Ceres;22046;12.605042016806722;81.5126050420168;0.09071940488070399;74.78991596638656;1.3986013986013985;6.350358341649279
520545;2021;GO;Cezarina;8090;24.691358024691358;67.90123456790124;0.24721878862793575;64.19753086419753;1.0752688172043012;6.1804697156983925
520545;2022;GO;Cezarina;8090;0.0;81.63265306122449;0.24721878862793575;71.42857142857143;1.3157894736842104;17.3053152039555
520547;2021;GO;Chapadão do Céu;12870;4.672897196261682;88.78504672897196;0.1554001554001554;64.01869158878505;4.6875;10.878010878010878
520547;2022;GO;Chapadão do Céu;12870;8.695652173913043;91.73913043478261;0.1554001554001554;80.0;4.545454545454546;10.878010878010878
520549;2021;GO;Cidade Ocidental;91767;7.7854671280276815;71.02076124567473;0.021794326936698378;51.470588235294116;4.578313253012048;1.1986879815184108
520549;2022;GO;Cidade Ocidental;91767;15.228426395939087;75.04230118443317;0.021794326936698378;52.62267343485617;0.0;0.5448581734174595
520551;2021;GO;Cocalzinho de Goiás;25016;7.220216606498195;64.25992779783394;0.0799488327470419;56.678700361010826;2.1621621621621623;2.398464982411257
520551;2022;GO;Cocalzinho de Goiás;25016;13.513513513513514;70.72072072072072;0.0799488327470419;58.108108108108105;0.0;7.19539494723377
520552;2021;GO;Colinas do Sul;4030;0.0;62.295081967213115;0.49627791563275436;60.65573770491803;3.571428571428571;12.40694789081886
520552;2022;GO;Colinas do Sul;4030;85.71428571428571;62.857142857142854;0.49627791563275436;48.57142857142857;0.0;32.25806451612903
520570;2021;GO;Córrego do Ouro;2454;41.666666666666664;79.16666666666666;0.8149959250203749;79.16666666666666;0.0;0.0
520570;2022;GO;Córrego do Ouro;2454;0.0;84.21052631578947;0.40749796251018744;73.68421052631578;0.0;8.149959250203748
520580;2021;GO;Corumbá de Goiás;10562;0.0;78.78787878787878;0.1893580761219466;66.66666666666666;1.0309278350515463;2.8403711418291993
520580;2022;GO;Corumbá de Goiás;10562;0.0;69.56521739130434;0.1893580761219466;65.21739130434783;0.9345794392523363;4.733951903048665
520590;2021;GO;Corumbaíba;9164;9.803921568627452;86.27450980392157;0.21824530772588388;80.3921568627451;0.9900990099009901;33.828022697512004
520590;2022;GO;Corumbaíba;9164;0.0;86.79245283018868;0.21824530772588388;81.13207547169812;7.352941176470589;29.463116542994324
520620;2021;GO;Cristalina;62337;19.396551724137932;77.15517241379311;0.03208367422237195;57.435344827586206;2.6737967914438503;5.77506136002695
520620;2022;GO;Cristalina;62337;12.371134020618555;78.8659793814433;0.03208367422237195;54.43298969072165;1.3468013468013467;8.181336926704846
520630;2021;GO;Cristianópolis;3504;0.0;66.0;0.5707762557077625;82.0;0.0;17.123287671232877
520630;2022;GO;Cristianópolis;3504;0.0;74.28571428571429;0.5707762557077625;77.14285714285715;0.0;22.831050228310502
520640;2021;GO;Crixás;17065;0.0;68.36734693877551;0.11719894520949312;81.12244897959184;0.6134969325153374;9.37591561675945
520640;2022;GO;Crixás;17065;4.854368932038835;63.59223300970874;0.11719894520949312;83.49514563106796;0.0;21.681804863756224
520650;2021;GO;Cromínia;3883;25.0;82.5;0.5150656708730363;75.0;2.7777777777777777;20.602626834921455
520650;2022;GO;Cromínia;3883;0.0;96.42857142857143;0.5150656708730363;64.28571428571429;0.0;33.47926860674736
520660;2021;GO;Cumari;2927;0.0;75.86206896551724;0.683293474547318;79.3103448275862;0.0;20.498804236419545
520660;2022;GO;Cumari;2927;0.0;90.9090909090909;0.683293474547318;86.36363636363636;3.7037037037037033;10.249402118209773
520670;2021;GO;Damianópolis;3770;33.333333333333336;83.33333333333334;0.5305039787798408;65.0;3.225806451612903;18.56763925729443
520670;2022;GO;Damianópolis;3770;0.0;86.0;0.5305039787798408;54.0;0.0;71.61803713527851
520680;2021;GO;Damolândia;2724;0.0;68.42105263157895;0.7342143906020557;63.1578947368421;0.0;7.342143906020557
520680;2022;GO;Damolândia;2724;0.0;80.0;0.7342143906020557;66.66666666666666;0.0;3.6710719530102787
520690;2021;GO;Davinópolis;1902;0.0;94.44444444444444;1.0515247108307044;94.44444444444444;3.571428571428571;5.257623554153523
520690;2022;GO;Davinópolis;1902;0.0;76.19047619047619;1.0515247108307044;66.66666666666666;0.0;0.0
520710;2021;GO;Diorama;2062;66.66666666666667;60.0;0.9699321047526673;93.33333333333333;8.695652173913043;14.54898157129001
520710;2022;GO;Diorama;2062;0.0;55.00000000000001;0.9699321047526673;80.0;0.0;29.09796314258002
520725;2021;GO;Doverlândia;6956;27.777777777777775;77.77777777777779;0.2875215641173088;90.27777777777779;4.411764705882353;4.312823461759632
520725;2022;GO;Doverlândia;6956;25.64102564102564;79.48717948717949;0.2875215641173088;85.8974358974359;2.083333333333333;8.625646923519264
520735;2021;GO;Edealina;4001;0.0;93.47826086956522;0.4998750312421895;73.91304347826086;2.5;0.0
520735;2022;GO;Edealina;4001;0.0;96.55172413793103;0.4998750312421895;75.86206896551724;0.0;0.0
520740;2021;GO;Edéia;11747;0.0;83.21167883211679;0.1702562356346301;84.67153284671532;0.0;13.620498850770408
520740;2022;GO;Edéia;11747;6.944444444444444;77.08333333333334;0.1702562356346301;83.33333333333334;2.3255813953488373;20.430748276155615
520750;2021;GO;Estrela do Norte;3205;0.0;70.96774193548387;0.62402496099844;90.32258064516128;5.405405405405405;18.720748829953198
520750;2022;GO;Estrela do Norte;3205;0.0;71.42857142857143;0.62402496099844;77.14285714285715;0.0;34.321372854914195
520753;2021;GO;Faina;7070;54.54545454545454;70.9090909090909;0.2828854314002829;70.9090909090909;5.555555555555555;4.243281471004243
520753;2022;GO;Faina;7070;0.0;66.66666666666666;0.2828854314002829;64.81481481481481;0.0;1.4144271570014144
520760;2021;GO;Fazenda Nova;5877;24.390243902439025;92.6829268292683;0.3403096818104475;85.36585365853658;3.389830508474576;20.41858090862685
520760;2022;GO;Fazenda Nova;5877;0.0;79.66101694915254;0.3403096818104475;77.96610169491525;8.333333333333332;13.612387272417902
520780;2021;GO;Firminópolis;10419;0.0;82.97872340425532;0.1919570016316345;79.7872340425532;0.8333333333333334;80.6219406852865
520780;2022;GO;Firminópolis;10419;20.202020202020204;81.81818181818183;0.1919570016316345;85.85858585858585;0.0;0.9597850081581725
520790;2021;GO;Flores de Goiás;13744;10.752688172043012;75.26881720430107;0.14551804423748543;41.935483870967744;1.7241379310344827;0.0
520790;2022;GO;Flores de Goiás;13744;10.309278350515465;76.28865979381443;0.14551804423748543;50.51546391752577;6.521739130434782;0.7275902211874272
520800;2021;GO;Formosa;115901;9.529481834425255;71.59023228111971;0.017256106504689346;56.938653960690885;1.0416666666666665;5.263112483930251
520800;2022;GO;Formosa;115901;11.786600496277917;73.13895781637717;0.017256106504689346;62.03473945409429;1.5536723163841808;4.400307158695783
520810;2021;GO;Formoso;4660;0.0;57.692307692307686;0.42918454935622313;86.53846153846155;1.4925373134328357;36.48068669527897
520810;2022;GO;Formoso;4660;0.0;60.37735849056604;0.42918454935622313;84.90566037735849;2.631578947368421;64.37768240343348
520815;2021;GO;Gameleira de Goiás;3456;32.25806451612903;58.06451612903226;0.5787037037037037;77.41935483870968;2.5;0.0
520815;2022;GO;Gameleira de Goiás;3456;0.0;60.0;0.5787037037037037;76.0;0.0;5.787037037037036
520830;2021;GO;Divinópolis de Goiás;4457;0.0;73.01587301587301;0.44873233116446043;46.03174603174603;14.285714285714285;20.19295490240072
520830;2022;GO;Divinópolis de Goiás;4457;0.0;80.55555555555556;0.44873233116446043;45.83333333333333;29.411764705882355;44.87323311644604
520840;2021;GO;Goianápolis;13967;10.81081081081081;67.02702702702703;0.14319467315815854;65.4054054054054;2.586206896551724;5.011813560535548
520840;2022;GO;Goianápolis;13967;11.363636363636363;69.88636363636364;0.14319467315815854;69.31818181818183;2.0;9.307653755280304
520850;2021;GO;Goiandira;4973;0.0;76.19047619047619;0.4021717273275689;80.95238095238095;0.0;6.032575909913533
520850;2022;GO;Goiandira;4973;0.0;78.72340425531915;0.4021717273275689;80.85106382978722;9.25925925925926;4.021717273275689
520860;2021;GO;Goianésia;73707;14.955134596211366;64.40677966101694;0.027134464840517184;86.04187437686939;0.42979942693409745;23.199967438642194
520860;2022;GO;Goianésia;73707;15.07537688442211;67.23618090452261;0.027134464840517184;88.04020100502512;0.6147540983606558;20.893537927198228
520870;2021;GO;Goiânia;1437366;12.461225799550755;72.98106749384961;0.0013914340536787429;68.23189645951439;0.3958363876264477;3.8473151584217242
520870;2022;GO;Goiânia;1437366;10.168584426010169;74.68557666577469;0.0013914340536787429;66.4062081883864;0.8471157724889069;5.343106766126373
520880;2021;GO;Goianira;71916;14.038876889848812;69.43844492440606;0.027810223037988763;63.498920086393085;1.5779092702169626;25.02920073418989
520880;2022;GO;Goianira;71916;18.74310915104741;69.79051819184123;0.027810223037988763;57.88313120176406;2.9729729729729732;16.825184937983202
520890;2021;GO;Goiás;24071;18.779342723004696;81.69014084507043;0.083087532715716;73.70892018779342;1.1904761904761905;12.878567570935981
520890;2022;GO;Goiás;24071;8.695652173913043;82.17391304347827;0.083087532715716;70.0;1.0416666666666665;8.72419093515018
520910;2021;GO;Goiatuba;35664;9.546539379474941;73.9856801909308;0.05607895917451772;84.96420047732697;1.6042780748663104;3.3647375504710633
520910;2022;GO;Goiatuba;35664;10.025062656641603;72.4310776942356;0.05607895917451772;86.21553884711778;1.3029315960912053;4.766711529834007
520915;2021;GO;Gouvelândia;4390;0.0;66.66666666666666;0.4555808656036447;86.66666666666667;1.8518518518518516;6.83371298405467
520915;2022;GO;Gouvelândia;4390;18.867924528301884;73.58490566037736;0.4555808656036447;86.79245283018868;0.0;11.389521640091116
520920;2021;GO;Guapó;19545;9.389671361502348;69.01408450704226;0.10232796111537477;68.07511737089203;3.0456852791878175;4.604758250191865
520920;2022;GO;Guapó;19545;17.937219730941703;72.6457399103139;0.10232796111537477;73.09417040358744;2.666666666666667;2.0465592223074953
520929;2021;GO;Guaraíta;2188;0.0;50.0;0.9140767824497258;58.333333333333336;0.0;9.140767824497258
520929;2022;GO;Guaraíta;2188;0.0;81.25;0.9140767824497258;68.75;0.0;9.140767824497258
520940;2021;GO;Guarani de Goiás;4085;23.25581395348837;76.74418604651163;0.4895960832313342;76.74418604651163;0.0;7.343941248470012
520940;2022;GO;Guarani de Goiás;4085;24.390243902439025;80.48780487804879;0.4895960832313342;73.17073170731707;0.0;9.791921664626683
520945;2021;GO;Guarinos;2161;0.0;77.27272727272727;0.9254974548819991;59.09090909090909;0.0;4.6274872744099955
520945;2022;GO;Guarinos;2161;0.0;60.0;0.46274872744099954;56.00000000000001;0.0;9.254974548819991
520960;2021;GO;Heitoraí;3354;29.41176470588235;82.35294117647058;0.5963029218843172;85.29411764705883;0.0;44.72271914132379
520960;2022;GO;Heitoraí;3354;0.0;71.42857142857143;0.5963029218843172;66.66666666666666;0.0;59.630292188431724
520970;2021;GO;Hidrolândia;27742;12.539184952978056;80.87774294670847;0.07209285559801024;80.56426332288402;1.7467248908296942;11.895321173671688
520970;2022;GO;Hidrolândia;27742;17.441860465116278;80.81395348837209;0.07209285559801024;71.80232558139535;2.197802197802198;9.011606949751279
520980;2021;GO;Hidrolina;3545;25.64102564102564;87.17948717948718;0.5641748942172073;84.61538461538461;0.0;0.0
520980;2022;GO;Hidrolina;3545;30.303030303030305;81.81818181818183;0.5641748942172073;72.72727272727273;2.7027027027027026;5.6417489421720735
520990;2021;GO;Iaciara;10584;5.617977528089887;73.03370786516854;0.1889644746787604;59.55056179775281;2.1052631578947367;24.565381708238853
520990;2022;GO;Iaciara;10584;10.582010582010582;69.31216931216932;0.1889644746787604;63.49206349206349;2.247191011235955;39.682539682539684
520993;2021;GO;Inaciolândia;5954;18.18181818181818;65.45454545454545;0.3359086328518643;76.36363636363637;4.545454545454546;16.795431642593215
520993;2022;GO;Inaciolândia;5954;33.898305084745765;81.35593220338984;0.3359086328518643;94.91525423728814;0.0;11.75680214981525
520995;2021;GO;Indiara;17061;15.0;82.5;0.11722642283570717;82.0;0.6993006993006993;133.63812203270618
520995;2022;GO;Indiara;17061;0.0;90.1639344262295;0.11722642283570717;84.15300546448088;0.0;135.9826504894203
521000;2021;GO;Inhumas;52204;16.666666666666668;90.66666666666666;0.03831124051796797;82.83333333333334;0.8130081300813009;5.1720174699256765
521000;2022;GO;Inhumas;52204;14.084507042253522;92.95774647887323;0.03831124051796797;82.21830985915493;1.3186813186813187;8.811585319132634
521010;2021;GO;Ipameri;25548;6.600660066006601;70.29702970297029;0.07828401440425865;82.17821782178217;1.0752688172043012;4.305620792234226
521010;2022;GO;Ipameri;25548;19.68503937007874;84.64566929133859;0.07828401440425865;82.67716535433071;0.0;6.262721152340692
521015;2021;GO;Ipiranga de Goiás;2919;0.0;65.51724137931035;0.6851661527920521;79.3103448275862;0.0;6.851661527920521
521015;2022;GO;Ipiranga de Goiás;2919;0.0;70.0;0.6851661527920521;75.0;3.225806451612903;10.277492291880781
521020;2021;GO;Iporá;35684;7.444168734491315;86.10421836228288;0.056047528304001795;81.38957816377172;2.2670025188916876;7.846653962560251
521020;2022;GO;Iporá;35684;11.210762331838565;91.25560538116592;0.056047528304001795;83.18385650224215;0.9202453987730062;12.610693868400404
521030;2021;GO;Israelândia;2560;0.0;81.48148148148148;0.78125;96.29629629629629;0.0;3.90625
521030;2022;GO;Israelândia;2560;0.0;53.333333333333336;0.78125;93.33333333333333;11.76470588235294;7.8125
521040;2021;GO;Itaberaí;44734;12.455516014234876;79.53736654804271;0.04470872267179327;69.3950177935943;0.0;5.141503107256225
521040;2022;GO;Itaberaí;44734;16.885553470919326;80.1125703564728;0.04470872267179327;74.10881801125704;2.631578947368421;4.694415880538293
521056;2021;GO;Itaguari;4963;20.0;84.0;0.40298206729800523;86.0;1.5151515151515151;2.014910336490026
521056;2022;GO;Itaguari;4963;26.31578947368421;78.94736842105263;0.40298206729800523;68.42105263157895;0.0;4.029820672980052
521060;2021;GO;Itaguaru;4904;0.0;85.36585365853658;0.4078303425774878;85.36585365853658;2.4390243902439024;24.469820554649264
521060;2022;GO;Itaguaru;4904;0.0;88.57142857142857;0.4078303425774878;80.0;3.508771929824561;6.117455138662316
521080;2021;GO;Itajá;4380;29.41176470588235;76.47058823529412;0.45662100456621;82.35294117647058;0.0;18.264840182648403
521080;2022;GO;Itajá;4380;0.0;94.33962264150944;0.45662100456621;83.01886792452831;0.0;22.831050228310502
521090;2021;GO;Itapaci;21087;7.092198581560283;74.822695035461;0.09484516526770048;63.829787234042556;0.0;19.4432588798786
521090;2022;GO;Itapaci;21087;15.686274509803921;73.33333333333333;0.09484516526770048;65.49019607843137;0.7575757575757576;33.19580784369517
521100;2021;GO;Itapirapuã;8007;13.333333333333334;73.33333333333333;0.24978144123891594;69.33333333333334;2.73972602739726;6.244536030972898
521100;2022;GO;Itapirapuã;8007;0.0;66.66666666666666;0.24978144123891594;82.6086956521739;7.246376811594203;22.480329711502435
521120;2021;GO;Itapuranga;26113;9.615384615384617;80.76923076923077;0.07659020411289395;75.32051282051282;1.238390092879257;24.89181633669054
521120;2022;GO;Itapuranga;26113;6.25;84.6875;0.07659020411289395;74.375;1.694915254237288;11.488530616934094
521130;2021;GO;Itarumã;6101;15.384615384615385;89.23076923076924;0.3278151122766759;75.38461538461539;0.0;27.864284543517456
521130;2022;GO;Itarumã;6101;12.345679012345679;77.77777777777779;0.3278151122766759;82.71604938271605;0.0;29.503360104900835
521140;2021;GO;Itauçu;7736;12.195121951219512;75.60975609756098;0.25853154084798347;75.60975609756098;0.9523809523809524;45.2430196483971
521140;2022;GO;Itauçu;7736;38.46153846153847;73.07692307692307;0.25853154084798347;75.64102564102564;4.49438202247191;69.80351602895553
521150;2021;GO;Itumbiara;107970;9.501187648456057;64.52889944576405;0.018523663980735388;76.48456057007125;0.24154589371980675;10.280633509308142
521150;2022;GO;Itumbiara;107970;11.935208866155158;69.39471440750214;0.018523663980735388;70.75873827791986;0.3492433061699651;16.486060942854497
521160;2021;GO;Ivolândia;2693;0.0;85.71428571428571;0.7426661715558857;90.47619047619048;12.121212121212121;7.426661715558856
521160;2022;GO;Ivolândia;2693;41.666666666666664;83.33333333333334;0.7426661715558857;79.16666666666666;0.0;22.279985146676566
521170;2021;GO;Jandaia;6272;0.0;68.85245901639344;0.31887755102040816;81.9672131147541;1.694915254237288;20.727040816326532
521170;2022;GO;Jandaia;6272;40.0;72.0;0.31887755102040816;92.0;1.7241379310344827;4.783163265306122
521180;2021;GO;Jaraguá;45223;7.619047619047619;76.57142857142857;0.04422528359463105;75.80952380952381;1.4830508474576272;8.84505671892621
521180;2022;GO;Jaraguá;45223;9.09090909090909;75.45454545454545;0.04422528359463105;75.09090909090908;2.272727272727273;12.383079406496694
521190;2021;GO;Jataí;105729;16.655100624566273;83.69188063844553;0.01891628597641139;71.33934767522554;1.827956989247312;2.8374428964617087
521190;2022;GO;Jataí;105729;13.32398316970547;82.81907433380084;0.01891628597641139;68.09256661991586;1.0869565217391304;2.0807914574052533
521200;2021;GO;Jaupaci;2924;0.0;68.08510638297872;0.6839945280437756;87.2340425531915;7.317073170731707;6.839945280437757
521200;2022;GO;Jaupaci;2924;0.0;84.375;0.6839945280437756;90.625;10.0;3.4199726402188784
521205;2021;GO;Jesúpolis;2123;0.0;72.72727272727273;0.9420631182289214;63.63636363636363;0.0;9.420631182289213
521205;2022;GO;Jesúpolis;2123;0.0;66.66666666666666;0.4710315591144607;66.66666666666666;0.0;4.710315591144607
521210;2021;GO;Joviânia;7159;11.904761904761903;86.90476190476191;0.2793686269031988;89.28571428571429;4.761904761904762;5.587372538063976
521210;2022;GO;Joviânia;7159;0.0;87.12871287128714;0.2793686269031988;89.10891089108911;1.36986301369863;11.174745076127952
521220;2021;GO;Jussara;19620;9.75609756097561;80.48780487804879;0.10193679918450561;88.78048780487805;1.9607843137254901;12.232415902140673
521220;2022;GO;Jussara;19620;8.438818565400844;82.70042194092827;0.10193679918450561;93.24894514767934;3.3333333333333335;19.367991845056064
521225;2021;GO;Lagoa Santa;1390;0.0;85.71428571428571;0.7194244604316546;85.71428571428571;5.555555555555555;0.0
521225;2022;GO;Lagoa Santa;1390;0.0;52.94117647058824;0.7194244604316546;76.47058823529412;0.0;0.0
521230;2021;GO;Leopoldo de Bulhões;8745;12.195121951219512;69.51219512195121;0.22870211549456831;62.19512195121951;0.0;0.0
521230;2022;GO;Leopoldo de Bulhões;8745;10.989010989010989;69.23076923076923;0.22870211549456831;69.23076923076923;3.508771929824561;3.4305317324185247
521250;2021;GO;Luziânia;209129;9.592326139088728;57.588215142171975;0.009563475175609312;47.3792394655704;0.676132521974307;1.4345212763413968
521250;2022;GO;Luziânia;209129;12.006861063464836;61.44082332761578;0.009563475175609312;48.06174957118353;2.538902538902539;2.964677304438887
521260;2021;GO;Mairipotaba;2561;0.0;87.5;0.39047247169074584;62.5;0.0;3.904724716907458
521260;2022;GO;Mairipotaba;2561;0.0;84.21052631578947;0.39047247169074584;73.68421052631578;0.0;7.809449433814916
521270;2021;GO;Mambaí;8124;30.864197530864196;76.5432098765432;0.2461841457410143;79.01234567901234;1.7241379310344827;22.156573116691288
521270;2022;GO;Mambaí;8124;0.0;84.82758620689656;0.2461841457410143;75.86206896551724;4.545454545454546;7.385524372230429
521280;2021;GO;Mara Rosa;10700;15.151515151515152;81.81818181818183;0.18691588785046728;68.93939393939394;2.0;7.4766355140186915
521280;2022;GO;Mara Rosa;10700;16.666666666666668;74.16666666666667;0.18691588785046728;69.16666666666667;1.2048192771084338;16.822429906542055
521290;2021;GO;Marzagão;2758;27.777777777777775;88.88888888888889;0.7251631617113851;83.33333333333334;3.4482758620689653;3.625815808556925
521290;2022;GO;Marzagão;2758;0.0;90.2439024390244;0.7251631617113851;82.92682926829268;0.0;10.877447425670775
521295;2021;GO;Matrinchã;4042;20.408163265306122;83.6734693877551;0.4948045522018803;55.10204081632652;10.256410256410255;22.26620484908461
521295;2022;GO;Matrinchã;4042;0.0;85.0;0.4948045522018803;47.5;3.571428571428571;9.896091044037606
521300;2021;GO;Maurilândia;10304;7.092198581560283;77.30496453900709;0.19409937888198756;80.1418439716312;0.0;3.881987577639751
521300;2022;GO;Maurilândia;10304;15.384615384615385;73.84615384615385;0.19409937888198756;82.3076923076923;0.0;12.616459627329192
521305;2021;GO;Mimoso de Goiás;2614;0.0;88.88888888888889;0.7651109410864575;59.25925925925925;8.333333333333332;0.0
521305;2022;GO;Mimoso de Goiás;2614;0.0;87.5;0.7651109410864575;50.0;25.0;3.8255547054322876
521308;2021;GO;Minaçu;27075;15.384615384615385;73.07692307692307;0.07386888273314866;63.589743589743584;0.7042253521126761;6.64819944598338
521308;2022;GO;Minaçu;27075;2.9069767441860463;73.83720930232558;0.07386888273314866;61.91860465116279;1.3215859030837005;14.404432132963988
521310;2021;GO;Mineiros;70081;15.594541910331383;90.83820662768031;0.028538405559281402;88.30409356725146;2.4822695035460995;8.1334455843952
521310;2022;GO;Mineiros;70081;9.523809523809526;91.9047619047619;0.028538405559281402;89.80952380952381;2.083333333333333;7.13460138982035
521340;2021;GO;Moiporá;1685;0.0;83.33333333333334;1.1869436201780414;83.33333333333334;0.0;0.0
521340;2022;GO;Moiporá;1685;0.0;100.0;1.1869436201780414;80.95238095238095;0.0;5.9347181008902075
521350;2021;GO;Monte Alegre de Goiás;6692;20.61855670103093;58.76288659793815;0.29886431560071725;48.45360824742268;8.51063829787234;4.48296473401076
521350;2022;GO;Monte Alegre de Goiás;6692;8.695652173913043;66.95652173913044;0.29886431560071725;42.608695652173914;7.4074074074074066;14.943215780035864
521370;2021;GO;Montes Claros de Goiás;8756;0.0;85.71428571428571;0.2284148012791229;74.48979591836735;0.0;2.284148012791229
521370;2022;GO;Montes Claros de Goiás;8756;11.235955056179774;86.51685393258427;0.2284148012791229;68.53932584269663;2.7777777777777777;6.8524440383736875
521375;2021;GO;Montividiu;12521;12.121212121212121;67.87878787878789;0.1597316508266113;73.33333333333333;1.4492753623188406;1.5973165082661132
521375;2022;GO;Montividiu;12521;6.211180124223602;77.63975155279503;0.1597316508266113;73.29192546583852;0.0;1.5973165082661132
521377;2021;GO;Montividiu do Norte;3779;42.5531914893617;63.829787234042556;0.5292405398253506;87.2340425531915;12.5;7.93860809738026
521377;2022;GO;Montividiu do Norte;3779;0.0;65.11627906976744;0.5292405398253506;81.3953488372093;8.333333333333332;10.584810796507012
521380;2021;GO;Morrinhos;51351;14.240506329113924;81.32911392405063;0.0389476349048704;81.17088607594937;0.8163265306122449;21.61593737220307
521380;2022;GO;Morrinhos;51351;1.6129032258064515;79.83870967741935;0.0389476349048704;79.83870967741935;0.5076142131979695;19.084341103386496
521385;2021;GO;Morro Agudo de Goiás;2456;0.0;77.14285714285715;0.8143322475570033;85.71428571428571;3.7037037037037033;0.0
521385;2022;GO;Morro Agudo de Goiás;2456;38.46153846153847;100.0;0.8143322475570033;84.61538461538461;0.0;4.071661237785016
521390;2021;GO;Mossâmedes;4654;0.0;97.95918367346938;0.42973785990545765;83.6734693877551;12.068965517241379;8.594757198109154
521390;2022;GO;Mossâmedes;4654;0.0;84.375;0.42973785990545765;78.125;2.857142857142857;2.1486892995272884
521400;2021;GO;Mozarlândia;14750;0.0;77.14285714285715;0.13559322033898305;81.63265306122449;0.0;16.271186440677965
521400;2022;GO;Mozarlândia;14750;0.0;78.49056603773586;0.13559322033898305;85.66037735849056;0.9345794392523363;8.135593220338983
521405;2021;GO;Mundo Novo;6189;0.0;97.84946236559139;0.3231539828728389;82.79569892473118;3.125;53.32040717401841
521405;2022;GO;Mundo Novo;6189;11.494252873563218;87.35632183908046;0.3231539828728389;81.60919540229885;0.0;40.394247859104865
521410;2021;GO;Mutunópolis;3564;0.0;51.92307692307693;0.5611672278338945;86.53846153846155;10.0;8.417508417508417
521410;2022;GO;Mutunópolis;3564;38.46153846153847;67.3076923076923;0.5611672278338945;86.53846153846155;0.0;33.67003367003367
521440;2021;GO;Nazário;8189;12.195121951219512;69.51219512195121;0.24423006472096714;69.51219512195121;1.0416666666666665;1.2211503236048358
521440;2022;GO;Nazário;8189;0.0;70.58823529411765;0.24423006472096714;74.11764705882354;0.0;3.6634509708145075
521450;2021;GO;Nerópolis;31932;12.84796573875803;82.01284796573876;0.0626330953275711;84.36830835117773;0.32573289902280134;4.384316672929977
521450;2022;GO;Nerópolis;31932;18.09954751131222;86.42533936651584;0.0626330953275711;83.0316742081448;0.43478260869565216;9.70812977577352
521460;2021;GO;Niquelândia;34964;12.077294685990339;66.90821256038647;0.05720169317011784;66.90821256038647;4.658385093167702;18.30454181443771
521460;2022;GO;Niquelândia;34964;13.227513227513226;68.25396825396825;0.05720169317011784;73.54497354497354;1.7482517482517483;26.598787324104794
521470;2021;GO;Nova América;2337;0.0;73.68421052631578;0.8557980316645272;57.89473684210527;0.0;0.0
521470;2022;GO;Nova América;2337;66.66666666666667;73.33333333333333;0.8557980316645272;73.33333333333333;0.0;12.836970474967906
521480;2021;GO;Nova Aurora;2101;0.0;76.47058823529412;0.9519276534983341;58.82352941176471;3.8461538461538463;0.0
521480;2022;GO;Nova Aurora;2101;45.45454545454545;77.27272727272727;0.9519276534983341;81.81818181818183;0.0;4.75963826749167
521483;2021;GO;Nova Crixás;12815;6.0606060606060606;73.33333333333333;0.15606710885680844;93.93939393939394;5.434782608695652;110.80764728833398
521483;2022;GO;Nova Crixás;12815;0.0;57.6271186440678;0.15606710885680844;95.48022598870057;3.75;110.80764728833398
521486;2021;GO;Nova Glória;8310;0.0;63.888888888888886;0.24067388688327315;66.66666666666666;1.9417475728155338;8.42358604091456
521486;2022;GO;Nova Glória;8310;11.76470588235294;62.35294117647059;0.24067388688327315;67.05882352941175;1.2658227848101267;9.626955475330925
521487;2021;GO;Nova Iguaçu de Goiás;3010;0.0;77.14285714285715;0.33222591362126247;88.57142857142857;0.0;0.0
521487;2022;GO;Nova Iguaçu de Goiás;3010;52.63157894736842;63.1578947368421;0.33222591362126247;86.8421052631579;0.0;0.0
521490;2021;GO;Nova Roma;3076;27.777777777777775;55.55555555555556;0.6501950585175553;47.22222222222222;5.555555555555555;3.2509752925877766
521490;2022;GO;Nova Roma;3076;34.48275862068965;72.41379310344827;0.32509752925877766;55.172413793103445;5.0;0.0
521500;2021;GO;Nova Veneza;9481;45.45454545454545;80.68181818181817;0.21094821221390148;70.45454545454545;2.1505376344086025;0.0
521500;2022;GO;Nova Veneza;9481;17.094017094017097;76.92307692307693;0.21094821221390148;79.48717948717949;2.564102564102564;4.2189642442780295
521520;2021;GO;Novo Brasil;3527;0.0;85.36585365853658;0.5670541536716757;78.04878048780488;4.444444444444445;14.17635384179189
521520;2022;GO;Novo Brasil;3527;0.0;91.66666666666666;0.5670541536716757;80.55555555555556;0.0;25.517436915225407
521523;2021;GO;Novo Gama;103804;9.900990099009901;57.07213578500707;0.01926708026665639;46.67609618104668;0.7029876977152899;0.9633540133328196
521523;2022;GO;Novo Gama;103804;12.345679012345679;65.12345679012346;0.01926708026665639;42.824074074074076;0.6912442396313364;0.2890062039998459
521525;2021;GO;Novo Planalto;3716;0.0;85.1063829787234;0.5382131324004306;87.2340425531915;2.857142857142857;8.073196986006458
521525;2022;GO;Novo Planalto;3716;0.0;75.0;0.5382131324004306;87.5;5.714285714285714;16.146393972012916
521530;2021;GO;Orizona;16399;4.716981132075471;67.9245283018868;0.1219586560156107;59.43396226415094;0.7518796992481203;92.68857857186414
521530;2022;GO;Orizona;16399;0.0;69.6969696969697;0.1219586560156107;56.56565656565656;0.7575757575757576;100.61589121287884
521540;2021;GO;Ouro Verde de Goiás;4057;0.0;88.67924528301887;0.49297510475720974;75.47169811320755;0.0;0.0
521540;2022;GO;Ouro Verde de Goiás;4057;23.809523809523807;88.09523809523809;0.49297510475720974;71.42857142857143;0.0;4.929751047572097
521550;2021;GO;Ouvidor;7200;12.82051282051282;85.8974358974359;0.2777777777777778;75.64102564102564;1.5384615384615385;5.555555555555555
521550;2022;GO;Ouvidor;7200;11.235955056179774;86.51685393258427;0.2777777777777778;70.78651685393258;1.639344262295082;11.11111111111111
521560;2021;GO;Padre Bernardo;34967;17.676767676767675;55.05050505050505;0.05719678554065261;58.333333333333336;4.25531914893617;2.2878714216261047
521560;2022;GO;Padre Bernardo;34967;25.28735632183908;68.96551724137932;0.05719678554065261;62.52873563218391;3.0456852791878175;2.8598392770326306
521565;2021;GO;Palestina de Goiás;3132;0.0;88.63636363636364;0.6385696040868455;90.9090909090909;5.88235294117647;6.385696040868455
521565;2022;GO;Palestina de Goiás;3132;0.0;80.0;0.6385696040868455;92.5;4.545454545454546;6.385696040868455
521570;2021;GO;Palmeiras de Goiás;31858;11.441647597254004;65.90389016018307;0.06277857994852157;74.14187643020595;0.39215686274509803;1.2555715989704312
521570;2022;GO;Palmeiras de Goiás;31858;8.791208791208792;69.67032967032966;0.06277857994852157;74.28571428571429;0.4694835680751174;1.2555715989704312
521580;2021;GO;Palmelo;2259;0.0;80.0;0.8853474988933157;60.0;5.263157894736842;0.0
521580;2022;GO;Palmelo;2259;0.0;83.33333333333334;0.8853474988933157;72.22222222222221;11.11111111111111;22.13368747233289
521590;2021;GO;Palminópolis;3851;0.0;80.0;0.5193456245131135;88.88888888888889;0.0;5.193456245131134
521590;2022;GO;Palminópolis;3851;0.0;75.60975609756098;0.5193456245131135;90.2439024390244;0.0;7.790184367696702
521600;2021;GO;Panamá;2455;0.0;68.75;0.814663951120163;90.625;0.0;4.0733197556008145
521600;2022;GO;Panamá;2455;0.0;75.0;0.814663951120163;75.0;8.823529411764707;0.0
521630;2021;GO;Paranaiguara;7607;12.195121951219512;76.82926829268293;0.2629157355067701;96.34146341463415;0.0;19.718680163007757
521630;2022;GO;Paranaiguara;7607;11.235955056179774;93.25842696629213;0.2629157355067701;95.50561797752809;0.0;21.033258840541606
521640;2021;GO;Paraúna;10659;14.285714285714285;82.85714285714286;0.18763486255746317;89.28571428571429;0.0;30.959752321981426
521640;2022;GO;Paraúna;10659;6.493506493506494;85.71428571428571;0.18763486255746317;92.20779220779221;0.0;15.010789004597054
521645;2021;GO;Perolândia;2964;0.0;75.0;0.6747638326585694;100.0;0.0;0.0
521645;2022;GO;Perolândia;2964;0.0;70.27027027027027;0.6747638326585694;100.0;15.789473684210526;0.0
521680;2021;GO;Petrolina de Goiás;9573;28.57142857142857;65.71428571428571;0.20892092343048158;90.0;0.8403361344537815;101.32664786378356
521680;2022;GO;Petrolina de Goiás;9573;0.0;63.74999999999999;0.20892092343048158;82.5;0.0;72.07771858351613
521690;2021;GO;Pilar de Goiás;2328;0.0;73.33333333333333;0.42955326460481097;70.0;0.0;8.59106529209622
521690;2022;GO;Pilar de Goiás;2328;38.46153846153847;69.23076923076923;0.8591065292096219;69.23076923076923;0.0;4.29553264604811
521710;2021;GO;Piracanjuba;24883;29.914529914529915;76.49572649572649;0.08037616043081622;73.50427350427351;3.484320557491289;24.112848129244863
521710;2022;GO;Piracanjuba;24883;16.949152542372882;83.05084745762711;0.08037616043081622;69.0677966101695;4.878048780487805;13.262066471084676
521720;2021;GO;Piranhas;11712;14.084507042253522;47.183098591549296;0.17076502732240437;88.73239436619718;1.2987012987012987;6.830601092896175
521720;2022;GO;Piranhas;11712;18.69158878504673;49.532710280373834;0.17076502732240437;89.7196261682243;0.0;11.953551912568306
521730;2021;GO;Pirenópolis;26690;3.6900369003690034;53.13653136531366;0.07493443237167478;73.06273062730627;1.3636363636363635;12.36418134132634
521730;2022;GO;Pirenópolis;26690;16.72240802675585;62.207357859531776;0.07493443237167478;78.59531772575251;1.6483516483516485;10.116148370176097
521740;2021;GO;Pires do Rio;32373;8.152173913043478;60.32608695652174;0.06177987829363977;75.81521739130434;2.318840579710145;12.66487505019615
521740;2022;GO;Pires do Rio;32373;14.88833746898263;51.1166253101737;0.06177987829363977;76.92307692307693;0.7042253521126761;19.460661662496523
521760;2021;GO;Planaltina;105031;12.286689419795222;59.658703071672356;0.019041997124658434;47.781569965870304;0.9419152276295133;3.5227694680618105
521760;2022;GO;Planaltina;105031;7.957559681697613;63.46153846153846;0.019041997124658434;49.20424403183024;1.3779527559055118;3.332349496815226
521770;2021;GO;Pontalina;18309;5.1020408163265305;96.93877551020408;0.10923589491506909;78.06122448979592;1.0526315789473684;18.0239226609864
521770;2022;GO;Pontalina;18309;15.306122448979592;90.3061224489796;0.10923589491506909;78.57142857142857;3.260869565217391;6.0079742203288005
521800;2021;GO;Porangatu;44317;14.44043321299639;78.33935018050542;0.045129408579100576;83.21299638989169;0.4357298474945534;8.574587630029107
521800;2022;GO;Porangatu;44317;13.618677042801556;74.5136186770428;0.045129408579100576;81.32295719844358;0.5988023952095809;8.800234672924612
521805;2021;GO;Porteirão;4070;15.625;67.1875;0.4914004914004914;75.0;0.0;4.914004914004914
521805;2022;GO;Porteirão;4070;0.0;72.09302325581395;0.4914004914004914;72.09302325581395;0.0;2.457002457002457
521810;2021;GO;Portelândia;3280;0.0;78.125;0.6097560975609756;87.5;5.263157894736842;12.195121951219512
521810;2022;GO;Portelândia;3280;22.727272727272727;79.54545454545455;0.6097560975609756;81.81818181818183;3.4482758620689653;15.24390243902439
521830;2021;GO;Posse;34914;10.73345259391771;73.52415026833631;0.057283611158847454;68.69409660107334;0.0;15.752993068683049
521830;2022;GO;Posse;34914;14.198782961460447;70.79107505070994;0.057283611158847454;61.66328600405679;2.73972602739726;21.76777224036203
521839;2021;GO;Professor Jamil;3649;0.0;76.66666666666667;0.5480953685941354;73.33333333333333;2.857142857142857;8.22143052891203
521839;2022;GO;Professor Jamil;3649;0.0;75.75757575757575;0.5480953685941354;78.78787878787878;10.0;16.44286105782406
521850;2021;GO;Quirinópolis;48447;14.492753623188406;72.94685990338165;0.041282225937622555;91.46537842190016;0.592885375494071;14.655190207856009
521850;2022;GO;Quirinópolis;48447;11.272141706924316;81.32045088566827;0.041282225937622555;91.30434782608695;1.015228426395939;26.007802340702213
521860;2021;GO;Rialma;12165;0.0;80.24691358024691;0.16440608302507193;76.5432098765432;1.5037593984962405;9.042334566378956
521860;2022;GO;Rialma;12165;40.0;78.66666666666666;0.16440608302507193;78.0;0.9259259259259258;2.466091245376079
521870;2021;GO;Rianápolis;3980;0.0;79.54545454545455;0.5025125628140704;90.9090909090909;0.0;7.537688442211055
521870;2022;GO;Rianápolis;3980;0.0;92.15686274509804;0.5025125628140704;76.47058823529412;0.0;7.537688442211055
521878;2021;GO;Rio Quente;3864;0.0;84.375;0.5175983436853002;78.125;3.571428571428571;5.175983436853002
521878;2022;GO;Rio Quente;3864;0.0;97.77777777777777;0.5175983436853002;86.66666666666667;0.0;0.0
521880;2021;GO;Rio Verde;225696;13.093788063337392;70.49330085261876;0.008861477385509712;69.70158343483557;0.3919007184846506;4.519353466609953
521880;2022;GO;Rio Verde;225696;9.556103575832305;71.57829839704068;0.008861477385509712;70.40690505548706;0.24834437086092717;6.513185878349638
521890;2021;GO;Rubiataba;19788;14.354066985645934;79.42583732057416;0.10107135637760258;80.86124401913875;0.0;9.096422073984233
521890;2022;GO;Rubiataba;19788;4.081632653061225;85.3061224489796;0.10107135637760258;75.91836734693878;0.591715976331361;26.278552658176675
521900;2021;GO;Sanclerlândia;7918;0.0;95.18072289156626;0.2525890376357666;87.95180722891565;1.2195121951219512;11.366506693609498
521900;2022;GO;Sanclerlândia;7918;0.0;86.51685393258427;0.2525890376357666;84.26966292134831;0.0;13.892397069967164
521910;2021;GO;Santa Bárbara de Goiás;6149;0.0;81.94444444444444;0.3252561392096276;72.22222222222221;0.0;6.505122784192552
521910;2022;GO;Santa Bárbara de Goiás;6149;0.0;79.3103448275862;0.3252561392096276;77.58620689655173;1.7241379310344827;11.383964872336966
521920;2021;GO;Santa Cruz de Goiás;3002;0.0;77.77777777777779;0.6662225183211192;61.111111111111114;3.3333333333333335;16.655562958027982
521920;2022;GO;Santa Cruz de Goiás;3002;76.92307692307693;61.53846153846154;0.6662225183211192;61.53846153846154;3.225806451612903;19.986675549633578
521925;2021;GO;Santa Fé de Goiás;4951;0.0;80.32786885245902;0.4039587962027873;65.57377049180327;3.3333333333333335;2.0197939810139363
521925;2022;GO;Santa Fé de Goiás;4951;0.0;86.11111111111111;0.4039587962027873;83.33333333333334;5.405405405405405;4.0395879620278725
521930;2021;GO;Santa Helena de Goiás;38492;12.76595744680851;77.4468085106383;0.0519588485919152;64.46808510638297;0.9302325581395349;11.690740933180921
521930;2022;GO;Santa Helena de Goiás;38492;12.448132780082986;76.97095435684648;0.0519588485919152;64.31535269709543;0.33112582781456956;13.249506390938377
521935;2021;GO;Santa Isabel;3538;0.0;94.11764705882352;0.5652911249293385;73.52941176470588;0.0;2.8264556246466928
521935;2022;GO;Santa Isabel;3538;0.0;80.0;0.5652911249293385;75.0;0.0;8.479366873940078
521940;2021;GO;Santa Rita do Araguaia;5924;0.0;88.52459016393442;0.1688048615800135;90.1639344262295;15.909090909090908;3.37609723160027
521940;2022;GO;Santa Rita do Araguaia;5924;14.084507042253522;83.09859154929578;0.337609723160027;91.54929577464789;10.869565217391305;1.688048615800135
521945;2021;GO;Santa Rita do Novo Destino;2689;34.48275862068965;55.172413793103445;0.3718854592785422;93.10344827586206;0.0;14.875418371141688
521945;2022;GO;Santa Rita do Novo Destino;2689;50.0;55.00000000000001;0.3718854592785422;90.0;0.0;7.437709185570844
521950;2021;GO;Santa Rosa de Goiás;2820;0.0;63.888888888888886;0.7092198581560284;83.33333333333334;0.0;14.184397163120568
521950;2022;GO;Santa Rosa de Goiás;2820;0.0;71.42857142857143;0.7092198581560284;73.80952380952381;0.0;21.27659574468085
521960;2021;GO;Santa Tereza de Goiás;3293;0.0;77.14285714285715;0.6073489219556636;80.0;8.333333333333332;39.477679927118125
521960;2022;GO;Santa Tereza de Goiás;3293;48.78048780487805;80.48780487804879;0.6073489219556636;87.8048780487805;9.090909090909092;21.257212268448225
521970;2021;GO;Santa Terezinha de Goiás;10645;9.615384615384617;61.53846153846154;0.18788163457022075;49.03846153846153;0.9009009009009009;13.151714419915454
521970;2022;GO;Santa Terezinha de Goiás;10645;10.101010101010102;64.64646464646465;0.09394081728511038;57.57575757575758;0.0;18.788163457022076
521971;2021;GO;Santo Antônio da Barra;4267;19.230769230769234;65.38461538461539;0.46871338176704946;76.92307692307693;0.0;4.687133817670494
521971;2022;GO;Santo Antônio da Barra;4267;83.33333333333333;75.0;0.46871338176704946;75.0;0.0;7.030700726505742
521973;2021;GO;Santo Antônio de Goiás;7386;27.777777777777775;79.16666666666666;0.27078256160303277;68.05555555555556;0.0;1.3539128080151637
521973;2022;GO;Santo Antônio de Goiás;7386;14.285714285714285;82.85714285714286;0.27078256160303277;68.57142857142857;0.0;5.415651232060655
521975;2021;GO;Santo Antônio do Descoberto;72127;9.988901220865706;58.6015538290788;0.027728867137133115;42.730299667036626;2.3157894736842106;3.466108392141639
521975;2022;GO;Santo Antônio do Descoberto;72127;12.443438914027148;60.74660633484162;0.027728867137133115;42.64705882352941;2.13903743315508;7.070861119968944
521980;2021;GO;São Domingos;9711;0.0;67.21311475409836;0.20595201318092884;48.36065573770492;6.25;6.178560395427866
521980;2022;GO;São Domingos;9711;27.522935779816514;77.98165137614679;0.20595201318092884;45.87155963302752;13.750000000000002;25.744001647616106
521990;2021;GO;São Francisco de Goiás;6378;0.0;65.45454545454545;0.31357792411414237;69.0909090909091;0.0;1.5678896205707118
521990;2022;GO;São Francisco de Goiás;6378;0.0;57.8125;0.31357792411414237;73.4375;1.9607843137254901;4.703668861712136
522000;2021;GO;São João d'Aliança;14041;11.494252873563218;66.66666666666666;0.14243999715120007;47.12643678160919;0.0;5.697599886048002
522000;2022;GO;São João d'Aliança;14041;6.993006993006993;58.74125874125874;0.14243999715120007;48.25174825174825;3.9215686274509802;2.136599957268001
522005;2021;GO;São João da Paraúna;1774;0.0;100.0;1.1273957158962795;94.11764705882352;0.0;16.91093573844419
522005;2022;GO;São João da Paraúna;1774;0.0;100.0;1.1273957158962795;85.71428571428571;4.761904761904762;11.273957158962796
522010;2021;GO;São Luís de Montes Belos;33852;9.7799511002445;87.28606356968214;0.05908070424199456;88.01955990220048;0.2597402597402597;5.612666902989484
522010;2022;GO;São Luís de Montes Belos;33852;9.803921568627452;86.51960784313727;0.05908070424199456;85.5392156862745;1.342281879194631;7.975895072669267
522015;2021;GO;São Luiz do Norte;4837;33.333333333333336;66.66666666666666;0.4134794293983874;80.0;5.454545454545454;8.269588587967748
522015;2022;GO;São Luiz do Norte;4837;30.76923076923077;66.15384615384615;0.4134794293983874;66.15384615384615;0.0;12.404382881951623
522020;2021;GO;São Miguel do Araguaia;21900;21.428571428571427;72.5;0.09132420091324202;73.92857142857143;3.4934497816593884;12.785388127853881
522020;2022;GO;São Miguel do Araguaia;21900;6.802721088435374;69.72789115646259;0.09132420091324202;72.10884353741497;3.061224489795918;15.068493150684931
522026;2021;GO;São Miguel do Passa Quatro;4464;0.0;64.1025641025641;0.44802867383512546;74.35897435897436;3.260869565217391;13.440860215053764
522026;2022;GO;São Miguel do Passa Quatro;4464;60.0;60.0;0.44802867383512546;54.0;4.166666666666666;15.68100358422939
522028;2021;GO;São Patrício;2143;0.0;66.66666666666666;0.4666355576294914;83.33333333333334;0.0;0.0
522028;2022;GO;São Patrício;2143;0.0;61.904761904761905;0.9332711152589828;90.47619047619048;4.166666666666666;0.0
522040;2021;GO;São Simão;17020;24.509803921568626;91.17647058823529;0.11750881316098707;95.58823529411765;1.0869565217391304;28.2021151586369
522040;2022;GO;São Simão;17020;32.432432432432435;87.02702702702703;0.11750881316098707;96.21621621621622;0.6493506493506493;28.789659224441834
522045;2021;GO;Senador Canedo;155635;13.416815742397137;63.416815742397134;0.012850579882417194;63.64042933810376;0.9823182711198428;2.441610177659267
522045;2022;GO;Senador Canedo;155635;13.480982185844969;74.24169475204621;0.012850579882417194;60.76071256620125;1.282051282051282;3.6624152664889005
522050;2021;GO;Serranópolis;8027;12.658227848101266;88.60759493670885;0.24915908807773765;53.16455696202531;1.2345679012345678;4.983181761554753
522050;2022;GO;Serranópolis;8027;10.101010101010102;80.8080808080808;0.24915908807773765;60.60606060606061;3.508771929824561;13.70374984427557
522060;2021;GO;Silvânia;22245;5.128205128205129;74.35897435897436;0.08990784445942908;70.25641025641025;1.0471204188481675;32.36682400539447
522060;2022;GO;Silvânia;22245;11.627906976744185;75.96899224806202;0.08990784445942908;82.94573643410853;4.819277108433735;26.972353337828725
522068;2021;GO;Simolândia;5742;0.0;68.53932584269663;0.34831069313827934;89.8876404494382;1.7241379310344827;19.157088122605362
522068;2022;GO;Simolândia;5742;13.513513513513514;71.62162162162163;0.34831069313827934;87.83783783783784;8.333333333333332;29.606408916753743
522070;2021;GO;Sítio d'Abadia;2927;0.0;77.77777777777779;0.683293474547318;66.66666666666666;0.0;0.0
522070;2022;GO;Sítio d'Abadia;2927;0.0;88.57142857142857;0.683293474547318;74.28571428571429;0.0;0.0
522100;2021;GO;Taquaral de Goiás;4026;0.0;78.57142857142857;0.49677098857426727;83.33333333333334;0.0;22.35469448584203
522100;2022;GO;Taquaral de Goiás;4026;0.0;87.5;0.49677098857426727;96.875;0.0;9.935419771485344
522108;2021;GO;Teresina de Goiás;2701;0.0;75.67567567567568;0.37023324694557574;37.83783783783784;14.285714285714285;3.702332469455757
522108;2022;GO;Teresina de Goiás;2701;0.0;83.33333333333334;0.7404664938911515;47.61904761904761;6.25;11.106997408367272
522119;2021;GO;Terezópolis de Goiás;7944;22.47191011235955;67.41573033707866;0.25176233635448136;75.28089887640449;0.0;1.2588116817724069
522119;2022;GO;Terezópolis de Goiás;7944;10.0;74.0;0.25176233635448136;59.0;3.7037037037037033;1.2588116817724069
522130;2021;GO;Três Ranchos;2921;0.0;73.68421052631578;0.6846970215679561;68.42105263157895;0.0;0.0
522130;2022;GO;Três Ranchos;2921;43.47826086956522;86.95652173913044;0.6846970215679561;69.56521739130434;0.0;3.4234851078397806
522140;2021;GO;Trindade;142431;11.462882096069869;68.99563318777294;0.014041886948768175;68.83187772925764;0.24096385542168677;4.212566084630453
522140;2022;GO;Trindade;142431;18.51851851851852;68.51851851851852;0.014041886948768175;68.0695847362514;1.4553014553014554;6.529477431177202
522145;2021;GO;Trombas;3120;22.22222222222222;53.333333333333336;0.6410256410256411;82.22222222222221;6.25;9.615384615384617
522145;2022;GO;Trombas;3120;0.0;60.526315789473685;0.6410256410256411;94.73684210526315;0.0;32.05128205128205
522150;2021;GO;Turvânia;4480;17.543859649122805;87.71929824561403;0.4464285714285714;91.22807017543859;0.0;11.160714285714285
522150;2022;GO;Turvânia;4480;0.0;86.66666666666667;0.4464285714285714;88.88888888888889;0.0;55.80357142857143
522155;2021;GO;Turvelândia;4985;0.0;52.459016393442624;0.20060180541624872;77.04918032786885;0.0;10.030090270812437
522155;2022;GO;Turvelândia;4985;54.54545454545454;63.63636363636363;0.40120361083249745;83.63636363636363;4.545454545454546;18.05416248746239
522157;2021;GO;Uirapuru;2798;0.0;80.0;0.35739814152966404;90.0;0.0;0.0
522157;2022;GO;Uirapuru;2798;114.28571428571428;62.857142857142854;0.35739814152966404;71.42857142857143;0.0;7.147962830593281
522160;2021;GO;Uruaçu;42546;13.232514177693762;86.95652173913044;0.0470079443425939;72.77882797731569;1.0204081632653061;1.6452780519907864
522160;2022;GO;Uruaçu;42546;20.715630885122412;83.42749529190208;0.0470079443425939;73.82297551789078;1.2012012012012012;7.991350538240963
522170;2021;GO;Uruana;13729;0.0;76.25;0.14567703401558746;79.375;0.0;4.370311020467623
522170;2022;GO;Uruana;13729;8.264462809917356;86.77685950413223;0.14567703401558746;72.72727272727273;0.0;7.283851700779372
522180;2021;GO;Urutaí;3553;0.0;62.96296296296296;0.5629045876723895;70.37037037037037;0.0;2.8145229383619474
522180;2022;GO;Urutaí;3553;62.5;84.375;0.5629045876723895;65.625;0.0;0.0
522185;2021;GO;Valparaíso de Goiás;198861;14.418999151823579;64.75826972010178;0.010057276187890034;53.30788804071247;1.0570824524312896;5.280069998642269
522185;2022;GO;Valparaíso de Goiás;198861;16.379310344827587;65.38793103448276;0.010057276187890034;54.69827586206897;0.7481296758104738;7.140666093401924
522190;2021;GO;Varjão;3716;0.0;82.14285714285714;0.5382131324004306;78.57142857142857;0.0;5.382131324004305
522190;2022;GO;Varjão;3716;0.0;85.29411764705883;0.5382131324004306;79.41176470588235;0.0;8.073196986006458
522200;2021;GO;Vianópolis;14956;14.492753623188406;76.32850241545893;0.13372559507889809;60.86956521739131;0.0;83.57849692431132
522200;2022;GO;Vianópolis;14956;23.52941176470588;78.23529411764706;0.13372559507889809;51.76470588235295;1.6528925619834711;91.6020326290452
522205;2021;GO;Vicentinópolis;8768;10.101010101010102;72.72727272727273;0.2281021897810219;88.88888888888889;0.0;3.4215328467153285
522205;2022;GO;Vicentinópolis;8768;33.057851239669425;57.85123966942148;0.2281021897810219;78.51239669421489;5.660377358490567;1.1405109489051095
522220;2021;GO;Vila Boa;4215;15.625;59.375;0.47449584816132856;40.625;4.3478260869565215;2.372479240806643
522220;2022;GO;Vila Boa;4215;25.0;87.5;0.47449584816132856;55.00000000000001;4.3478260869565215;4.744958481613286
522230;2021;GO;Vila Propício;5815;28.57142857142857;51.42857142857142;0.34393809114359414;91.42857142857143;0.0;5.159071367153912
522230;2022;GO;Vila Propício;5815;0.0;30.136986301369863;0.34393809114359414;90.41095890410958;15.625;12.037833190025795
